 ======================>     TALLY 1: FLUX_TALLY     <======================

 Mesh Index (1, 1, 1)
   Total Material
     Flux                                 0.00130809 +/- 0.000114775
 Mesh Index (2, 1, 1)
   Total Material
     Flux                                 0.00154517 +/- 0.0001124
 Mesh Index (3, 1, 1)
   Total Material
     Flux                                 0.00174504 +/- 0.000125834
 Mesh Index (4, 1, 1)
   Total Material
     Flux                                 0.00164915 +/- 9.08454e-05
 Mesh Index (5, 1, 1)
   Total Material
     Flux                                 0.00216174 +/- 0.000154458
 Mesh Index (6, 1, 1)
   Total Material
     Flux                                 0.00195428 +/- 0.000115743
 Mesh Index (7, 1, 1)
   Total Material
     Flux                                 0.00192369 +/- 0.000182569
 Mesh Index (8, 1, 1)
   Total Material
     Flux                                 0.00183793 +/- 0.000107165
 Mesh Index (9, 1, 1)
   Total Material
     Flux                                 0.00164207 +/- 0.000131054
 Mesh Index (10, 1, 1)
   Total Material
     Flux                                 0.00151175 +/- 0.00010425
 Mesh Index (11, 1, 1)
   Total Material
     Flux                                 0.00112403 +/- 9.5035e-05
 Mesh Index (12, 1, 1)
   Total Material
     Flux                                 0.00085015 +/- 7.41577e-05
 Mesh Index (13, 1, 1)
   Total Material
     Flux                                 0.00089181 +/- 9.37279e-05
 Mesh Index (14, 1, 1)
   Total Material
     Flux                                 0.000733262 +/- 4.7268e-05
 Mesh Index (15, 1, 1)
   Total Material
     Flux                                 0.000498047 +/- 7.32808e-05
 Mesh Index (16, 1, 1)
   Total Material
     Flux                                 0.000590453 +/- 5.96085e-05
 Mesh Index (17, 1, 1)
   Total Material
     Flux                                 0.000637911 +/- 8.32167e-05
 Mesh Index (18, 1, 1)
   Total Material
     Flux                                 0.000469441 +/- 7.64263e-05
 Mesh Index (19, 1, 1)
   Total Material
     Flux                                 0.000376713 +/- 4.95287e-05
 Mesh Index (20, 1, 1)
   Total Material
     Flux                                 0.00030039 +/- 5.16184e-05
 Mesh Index (1, 2, 1)
   Total Material
     Flux                                 0.00146789 +/- 0.000112159
 Mesh Index (2, 2, 1)
   Total Material
     Flux                                 0.00172709 +/- 6.46104e-05
 Mesh Index (3, 2, 1)
   Total Material
     Flux                                 0.00217112 +/- 0.00016627
 Mesh Index (4, 2, 1)
   Total Material
     Flux                                 0.00221314 +/- 0.000176824
 Mesh Index (5, 2, 1)
   Total Material
     Flux                                 0.00280341 +/- 0.000160925
 Mesh Index (6, 2, 1)
   Total Material
     Flux                                 0.00222196 +/- 0.000157047
 Mesh Index (7, 2, 1)
   Total Material
     Flux                                 0.00248177 +/- 0.00012491
 Mesh Index (8, 2, 1)
   Total Material
     Flux                                 0.00214926 +/- 0.000108884
 Mesh Index (9, 2, 1)
   Total Material
     Flux                                 0.00179627 +/- 0.000125645
 Mesh Index (10, 2, 1)
   Total Material
     Flux                                 0.00164299 +/- 8.49242e-05
 Mesh Index (11, 2, 1)
   Total Material
     Flux                                 0.00123282 +/- 9.3341e-05
 Mesh Index (12, 2, 1)
   Total Material
     Flux                                 0.00117567 +/- 8.83132e-05
 Mesh Index (13, 2, 1)
   Total Material
     Flux                                 0.00085644 +/- 7.51751e-05
 Mesh Index (14, 2, 1)
   Total Material
     Flux                                 0.000736068 +/- 6.93426e-05
 Mesh Index (15, 2, 1)
   Total Material
     Flux                                 0.000702899 +/- 0.000107067
 Mesh Index (16, 2, 1)
   Total Material
     Flux                                 0.000619426 +/- 7.74629e-05
 Mesh Index (17, 2, 1)
   Total Material
     Flux                                 0.000586996 +/- 4.86051e-05
 Mesh Index (18, 2, 1)
   Total Material
     Flux                                 0.000428291 +/- 5.17373e-05
 Mesh Index (19, 2, 1)
   Total Material
     Flux                                 0.000383648 +/- 5.10511e-05
 Mesh Index (20, 2, 1)
   Total Material
     Flux                                 0.000312707 +/- 3.65128e-05
 Mesh Index (1, 3, 1)
   Total Material
     Flux                                 0.00165672 +/- 9.29338e-05
 Mesh Index (2, 3, 1)
   Total Material
     Flux                                 0.00231144 +/- 0.0001819
 Mesh Index (3, 3, 1)
   Total Material
     Flux                                 0.00257499 +/- 7.84118e-05
 Mesh Index (4, 3, 1)
   Total Material
     Flux                                 0.0027828 +/- 0.00016394
 Mesh Index (5, 3, 1)
   Total Material
     Flux                                 0.00322519 +/- 0.00017975
 Mesh Index (6, 3, 1)
   Total Material
     Flux                                 0.00289173 +/- 0.000255783
 Mesh Index (7, 3, 1)
   Total Material
     Flux                                 0.00276475 +/- 0.000208805
 Mesh Index (8, 3, 1)
   Total Material
     Flux                                 0.00233375 +/- 0.00013093
 Mesh Index (9, 3, 1)
   Total Material
     Flux                                 0.0021731 +/- 0.000148253
 Mesh Index (10, 3, 1)
   Total Material
     Flux                                 0.00162388 +/- 0.000106062
 Mesh Index (11, 3, 1)
   Total Material
     Flux                                 0.00162888 +/- 8.9776e-05
 Mesh Index (12, 3, 1)
   Total Material
     Flux                                 0.00126232 +/- 9.59855e-05
 Mesh Index (13, 3, 1)
   Total Material
     Flux                                 0.000961742 +/- 7.86207e-05
 Mesh Index (14, 3, 1)
   Total Material
     Flux                                 0.000772257 +/- 8.87809e-05
 Mesh Index (15, 3, 1)
   Total Material
     Flux                                 0.000567484 +/- 8.25533e-05
 Mesh Index (16, 3, 1)
   Total Material
     Flux                                 0.000438015 +/- 5.55728e-05
 Mesh Index (17, 3, 1)
   Total Material
     Flux                                 0.000305222 +/- 4.89009e-05
 Mesh Index (18, 3, 1)
   Total Material
     Flux                                 0.000312993 +/- 2.35233e-05
 Mesh Index (19, 3, 1)
   Total Material
     Flux                                 0.000391662 +/- 4.71607e-05
 Mesh Index (20, 3, 1)
   Total Material
     Flux                                 0.000384006 +/- 4.8906e-05
 Mesh Index (1, 4, 1)
   Total Material
     Flux                                 0.00177005 +/- 0.000114365
 Mesh Index (2, 4, 1)
   Total Material
     Flux                                 0.00213411 +/- 0.000131516
 Mesh Index (3, 4, 1)
   Total Material
     Flux                                 0.0029572 +/- 0.000172103
 Mesh Index (4, 4, 1)
   Total Material
     Flux                                 0.00325315 +/- 0.000163752
 Mesh Index (5, 4, 1)
   Total Material
     Flux                                 0.00333536 +/- 0.000194889
 Mesh Index (6, 4, 1)
   Total Material
     Flux                                 0.00339731 +/- 0.000161935
 Mesh Index (7, 4, 1)
   Total Material
     Flux                                 0.00341972 +/- 0.000165103
 Mesh Index (8, 4, 1)
   Total Material
     Flux                                 0.00310992 +/- 0.000195094
 Mesh Index (9, 4, 1)
   Total Material
     Flux                                 0.00230523 +/- 0.000175074
 Mesh Index (10, 4, 1)
   Total Material
     Flux                                 0.00198641 +/- 0.000123818
 Mesh Index (11, 4, 1)
   Total Material
     Flux                                 0.00154897 +/- 0.000116421
 Mesh Index (12, 4, 1)
   Total Material
     Flux                                 0.00120758 +/- 0.000161158
 Mesh Index (13, 4, 1)
   Total Material
     Flux                                 0.00108126 +/- 8.28054e-05
 Mesh Index (14, 4, 1)
   Total Material
     Flux                                 0.000905538 +/- 6.92999e-05
 Mesh Index (15, 4, 1)
   Total Material
     Flux                                 0.000733179 +/- 7.92314e-05
 Mesh Index (16, 4, 1)
   Total Material
     Flux                                 0.000632584 +/- 6.75188e-05
 Mesh Index (17, 4, 1)
   Total Material
     Flux                                 0.000579334 +/- 6.23663e-05
 Mesh Index (18, 4, 1)
   Total Material
     Flux                                 0.000487474 +/- 9.10133e-05
 Mesh Index (19, 4, 1)
   Total Material
     Flux                                 0.000439147 +/- 8.95445e-05
 Mesh Index (20, 4, 1)
   Total Material
     Flux                                 0.000416016 +/- 5.10958e-05
 Mesh Index (1, 5, 1)
   Total Material
     Flux                                 0.00204593 +/- 0.00014911
 Mesh Index (2, 5, 1)
   Total Material
     Flux                                 0.0024997 +/- 0.000156956
 Mesh Index (3, 5, 1)
   Total Material
     Flux                                 0.00275454 +/- 0.000150258
 Mesh Index (4, 5, 1)
   Total Material
     Flux                                 0.00380645 +/- 0.000187009
 Mesh Index (5, 5, 1)
   Total Material
     Flux                                 0.00362126 +/- 0.000224778
 Mesh Index (6, 5, 1)
   Total Material
     Flux                                 0.00396197 +/- 0.00023864
 Mesh Index (7, 5, 1)
   Total Material
     Flux                                 0.00336353 +/- 0.000243136
 Mesh Index (8, 5, 1)
   Total Material
     Flux                                 0.00327519 +/- 0.000246395
 Mesh Index (9, 5, 1)
   Total Material
     Flux                                 0.00243782 +/- 0.00012383
 Mesh Index (10, 5, 1)
   Total Material
     Flux                                 0.00193779 +/- 0.00013194
 Mesh Index (11, 5, 1)
   Total Material
     Flux                                 0.00173576 +/- 0.000121889
 Mesh Index (12, 5, 1)
   Total Material
     Flux                                 0.00118456 +/- 9.98784e-05
 Mesh Index (13, 5, 1)
   Total Material
     Flux                                 0.00104727 +/- 9.63088e-05
 Mesh Index (14, 5, 1)
   Total Material
     Flux                                 0.000872802 +/- 0.000105889
 Mesh Index (15, 5, 1)
   Total Material
     Flux                                 0.000765759 +/- 9.61404e-05
 Mesh Index (16, 5, 1)
   Total Material
     Flux                                 0.000678442 +/- 9.67583e-05
 Mesh Index (17, 5, 1)
   Total Material
     Flux                                 0.000588102 +/- 6.18973e-05
 Mesh Index (18, 5, 1)
   Total Material
     Flux                                 0.000482865 +/- 5.21934e-05
 Mesh Index (19, 5, 1)
   Total Material
     Flux                                 0.000417432 +/- 6.52656e-05
 Mesh Index (20, 5, 1)
   Total Material
     Flux                                 0.000362704 +/- 6.7001e-05
 Mesh Index (1, 6, 1)
   Total Material
     Flux                                 0.00186124 +/- 0.000113228
 Mesh Index (2, 6, 1)
   Total Material
     Flux                                 0.00235325 +/- 5.71061e-05
 Mesh Index (3, 6, 1)
   Total Material
     Flux                                 0.00291816 +/- 0.000223119
 Mesh Index (4, 6, 1)
   Total Material
     Flux                                 0.00360989 +/- 0.000162621
 Mesh Index (5, 6, 1)
   Total Material
     Flux                                 0.0039566 +/- 0.000185992
 Mesh Index (6, 6, 1)
   Total Material
     Flux                                 0.0036705 +/- 0.00016333
 Mesh Index (7, 6, 1)
   Total Material
     Flux                                 0.00348979 +/- 0.000144812
 Mesh Index (8, 6, 1)
   Total Material
     Flux                                 0.00304092 +/- 0.000217651
 Mesh Index (9, 6, 1)
   Total Material
     Flux                                 0.00250246 +/- 8.07256e-05
 Mesh Index (10, 6, 1)
   Total Material
     Flux                                 0.00183119 +/- 0.000155403
 Mesh Index (11, 6, 1)
   Total Material
     Flux                                 0.00162323 +/- 0.000186361
 Mesh Index (12, 6, 1)
   Total Material
     Flux                                 0.0013456 +/- 0.000116358
 Mesh Index (13, 6, 1)
   Total Material
     Flux                                 0.00107725 +/- 7.62825e-05
 Mesh Index (14, 6, 1)
   Total Material
     Flux                                 0.000840058 +/- 0.000103295
 Mesh Index (15, 6, 1)
   Total Material
     Flux                                 0.000624237 +/- 8.13281e-05
 Mesh Index (16, 6, 1)
   Total Material
     Flux                                 0.000477896 +/- 5.24339e-05
 Mesh Index (17, 6, 1)
   Total Material
     Flux                                 0.000477188 +/- 6.36667e-05
 Mesh Index (18, 6, 1)
   Total Material
     Flux                                 0.000477235 +/- 4.87199e-05
 Mesh Index (19, 6, 1)
   Total Material
     Flux                                 0.000431252 +/- 5.55832e-05
 Mesh Index (20, 6, 1)
   Total Material
     Flux                                 0.00034211 +/- 4.8418e-05
 Mesh Index (1, 7, 1)
   Total Material
     Flux                                 0.00182585 +/- 0.00011515
 Mesh Index (2, 7, 1)
   Total Material
     Flux                                 0.00224602 +/- 0.000132566
 Mesh Index (3, 7, 1)
   Total Material
     Flux                                 0.00252271 +/- 0.000113361
 Mesh Index (4, 7, 1)
   Total Material
     Flux                                 0.00323333 +/- 0.000194923
 Mesh Index (5, 7, 1)
   Total Material
     Flux                                 0.0033481 +/- 6.76644e-05
 Mesh Index (6, 7, 1)
   Total Material
     Flux                                 0.00343838 +/- 0.000206574
 Mesh Index (7, 7, 1)
   Total Material
     Flux                                 0.00326127 +/- 0.000169286
 Mesh Index (8, 7, 1)
   Total Material
     Flux                                 0.00276965 +/- 0.000116587
 Mesh Index (9, 7, 1)
   Total Material
     Flux                                 0.00235534 +/- 0.000197279
 Mesh Index (10, 7, 1)
   Total Material
     Flux                                 0.00192256 +/- 0.000144373
 Mesh Index (11, 7, 1)
   Total Material
     Flux                                 0.00156103 +/- 8.85673e-05
 Mesh Index (12, 7, 1)
   Total Material
     Flux                                 0.00122812 +/- 0.000115807
 Mesh Index (13, 7, 1)
   Total Material
     Flux                                 0.00113105 +/- 9.42535e-05
 Mesh Index (14, 7, 1)
   Total Material
     Flux                                 0.00087489 +/- 6.42107e-05
 Mesh Index (15, 7, 1)
   Total Material
     Flux                                 0.000717594 +/- 8.22052e-05
 Mesh Index (16, 7, 1)
   Total Material
     Flux                                 0.000552644 +/- 7.80701e-05
 Mesh Index (17, 7, 1)
   Total Material
     Flux                                 0.000441304 +/- 7.23929e-05
 Mesh Index (18, 7, 1)
   Total Material
     Flux                                 0.000391647 +/- 7.02252e-05
 Mesh Index (19, 7, 1)
   Total Material
     Flux                                 0.000356866 +/- 5.12915e-05
 Mesh Index (20, 7, 1)
   Total Material
     Flux                                 0.000310044 +/- 3.42369e-05
 Mesh Index (1, 8, 1)
   Total Material
     Flux                                 0.00171808 +/- 9.89797e-05
 Mesh Index (2, 8, 1)
   Total Material
     Flux                                 0.0018699 +/- 0.000149954
 Mesh Index (3, 8, 1)
   Total Material
     Flux                                 0.00239807 +/- 0.000126043
 Mesh Index (4, 8, 1)
   Total Material
     Flux                                 0.00290034 +/- 4.55104e-05
 Mesh Index (5, 8, 1)
   Total Material
     Flux                                 0.00273459 +/- 0.000125952
 Mesh Index (6, 8, 1)
   Total Material
     Flux                                 0.00302254 +/- 0.000216305
 Mesh Index (7, 8, 1)
   Total Material
     Flux                                 0.00292197 +/- 0.000154856
 Mesh Index (8, 8, 1)
   Total Material
     Flux                                 0.00248933 +/- 9.51796e-05
 Mesh Index (9, 8, 1)
   Total Material
     Flux                                 0.00217132 +/- 0.000108923
 Mesh Index (10, 8, 1)
   Total Material
     Flux                                 0.00184596 +/- 0.000166696
 Mesh Index (11, 8, 1)
   Total Material
     Flux                                 0.00142283 +/- 0.000107893
 Mesh Index (12, 8, 1)
   Total Material
     Flux                                 0.00114943 +/- 0.000109259
 Mesh Index (13, 8, 1)
   Total Material
     Flux                                 0.00103724 +/- 7.55614e-05
 Mesh Index (14, 8, 1)
   Total Material
     Flux                                 0.000816575 +/- 7.56091e-05
 Mesh Index (15, 8, 1)
   Total Material
     Flux                                 0.000663551 +/- 0.000119608
 Mesh Index (16, 8, 1)
   Total Material
     Flux                                 0.000531273 +/- 8.03365e-05
 Mesh Index (17, 8, 1)
   Total Material
     Flux                                 0.000363063 +/- 5.60942e-05
 Mesh Index (18, 8, 1)
   Total Material
     Flux                                 0.000395516 +/- 5.41392e-05
 Mesh Index (19, 8, 1)
   Total Material
     Flux                                 0.000425291 +/- 6.14454e-05
 Mesh Index (20, 8, 1)
   Total Material
     Flux                                 0.000361436 +/- 4.87969e-05
 Mesh Index (1, 9, 1)
   Total Material
     Flux                                 0.00178074 +/- 0.000104709
 Mesh Index (2, 9, 1)
   Total Material
     Flux                                 0.00155679 +/- 0.000135911
 Mesh Index (3, 9, 1)
   Total Material
     Flux                                 0.00214416 +/- 7.84549e-05
 Mesh Index (4, 9, 1)
   Total Material
     Flux                                 0.00228887 +/- 0.000173616
 Mesh Index (5, 9, 1)
   Total Material
     Flux                                 0.00249737 +/- 0.00011347
 Mesh Index (6, 9, 1)
   Total Material
     Flux                                 0.00248875 +/- 0.000137582
 Mesh Index (7, 9, 1)
   Total Material
     Flux                                 0.00230752 +/- 0.000183859
 Mesh Index (8, 9, 1)
   Total Material
     Flux                                 0.00183277 +/- 0.000114077
 Mesh Index (9, 9, 1)
   Total Material
     Flux                                 0.00169957 +/- 8.14938e-05
 Mesh Index (10, 9, 1)
   Total Material
     Flux                                 0.00162498 +/- 9.73925e-05
 Mesh Index (11, 9, 1)
   Total Material
     Flux                                 0.00142597 +/- 0.000138669
 Mesh Index (12, 9, 1)
   Total Material
     Flux                                 0.00127814 +/- 0.000159714
 Mesh Index (13, 9, 1)
   Total Material
     Flux                                 0.00106946 +/- 9.01975e-05
 Mesh Index (14, 9, 1)
   Total Material
     Flux                                 0.000687501 +/- 9.68866e-05
 Mesh Index (15, 9, 1)
   Total Material
     Flux                                 0.000554487 +/- 4.34876e-05
 Mesh Index (16, 9, 1)
   Total Material
     Flux                                 0.000530034 +/- 5.77016e-05
 Mesh Index (17, 9, 1)
   Total Material
     Flux                                 0.000449205 +/- 4.87149e-05
 Mesh Index (18, 9, 1)
   Total Material
     Flux                                 0.000365834 +/- 4.0394e-05
 Mesh Index (19, 9, 1)
   Total Material
     Flux                                 0.000310756 +/- 6.39749e-05
 Mesh Index (20, 9, 1)
   Total Material
     Flux                                 0.000309264 +/- 5.27257e-05
 Mesh Index (1, 10, 1)
   Total Material
     Flux                                 0.00137967 +/- 8.58618e-05
 Mesh Index (2, 10, 1)
   Total Material
     Flux                                 0.00133474 +/- 0.000111753
 Mesh Index (3, 10, 1)
   Total Material
     Flux                                 0.00162558 +/- 6.78236e-05
 Mesh Index (4, 10, 1)
   Total Material
     Flux                                 0.00207133 +/- 0.000155635
 Mesh Index (5, 10, 1)
   Total Material
     Flux                                 0.00213481 +/- 0.000154785
 Mesh Index (6, 10, 1)
   Total Material
     Flux                                 0.00201046 +/- 5.98847e-05
 Mesh Index (7, 10, 1)
   Total Material
     Flux                                 0.00182128 +/- 0.000118523
 Mesh Index (8, 10, 1)
   Total Material
     Flux                                 0.00164699 +/- 0.000161048
 Mesh Index (9, 10, 1)
   Total Material
     Flux                                 0.00156225 +/- 6.93555e-05
 Mesh Index (10, 10, 1)
   Total Material
     Flux                                 0.00125683 +/- 0.000115647
 Mesh Index (11, 10, 1)
   Total Material
     Flux                                 0.00121581 +/- 0.000148561
 Mesh Index (12, 10, 1)
   Total Material
     Flux                                 0.00105654 +/- 0.000101867
 Mesh Index (13, 10, 1)
   Total Material
     Flux                                 0.000893327 +/- 0.000108103
 Mesh Index (14, 10, 1)
   Total Material
     Flux                                 0.000697287 +/- 0.000102669
 Mesh Index (15, 10, 1)
   Total Material
     Flux                                 0.000522249 +/- 4.7969e-05
 Mesh Index (16, 10, 1)
   Total Material
     Flux                                 0.000463447 +/- 5.74591e-05
 Mesh Index (17, 10, 1)
   Total Material
     Flux                                 0.000415415 +/- 5.71685e-05
 Mesh Index (18, 10, 1)
   Total Material
     Flux                                 0.000367946 +/- 6.95701e-05
 Mesh Index (19, 10, 1)
   Total Material
     Flux                                 0.000395176 +/- 6.17154e-05
 Mesh Index (20, 10, 1)
   Total Material
     Flux                                 0.000336288 +/- 4.54125e-05
 Mesh Index (1, 1, 2)
   Total Material
     Flux                                 0.00149373 +/- 0.00012869
 Mesh Index (2, 1, 2)
   Total Material
     Flux                                 0.00188889 +/- 0.000118638
 Mesh Index (3, 1, 2)
   Total Material
     Flux                                 0.00200971 +/- 0.000142803
 Mesh Index (4, 1, 2)
   Total Material
     Flux                                 0.00257299 +/- 0.000178203
 Mesh Index (5, 1, 2)
   Total Material
     Flux                                 0.00256257 +/- 0.000178222
 Mesh Index (6, 1, 2)
   Total Material
     Flux                                 0.00232554 +/- 0.000118662
 Mesh Index (7, 1, 2)
   Total Material
     Flux                                 0.00212249 +/- 8.40842e-05
 Mesh Index (8, 1, 2)
   Total Material
     Flux                                 0.00208498 +/- 0.000101285
 Mesh Index (9, 1, 2)
   Total Material
     Flux                                 0.00181275 +/- 0.000150475
 Mesh Index (10, 1, 2)
   Total Material
     Flux                                 0.00146461 +/- 0.000100155
 Mesh Index (11, 1, 2)
   Total Material
     Flux                                 0.00106529 +/- 5.46069e-05
 Mesh Index (12, 1, 2)
   Total Material
     Flux                                 0.00111954 +/- 7.43032e-05
 Mesh Index (13, 1, 2)
   Total Material
     Flux                                 0.000918621 +/- 8.30565e-05
 Mesh Index (14, 1, 2)
   Total Material
     Flux                                 0.000648803 +/- 8.13851e-05
 Mesh Index (15, 1, 2)
   Total Material
     Flux                                 0.000543467 +/- 7.77374e-05
 Mesh Index (16, 1, 2)
   Total Material
     Flux                                 0.00045361 +/- 6.92258e-05
 Mesh Index (17, 1, 2)
   Total Material
     Flux                                 0.000434633 +/- 7.85075e-05
 Mesh Index (18, 1, 2)
   Total Material
     Flux                                 0.000409144 +/- 5.58761e-05
 Mesh Index (19, 1, 2)
   Total Material
     Flux                                 0.000397442 +/- 4.76408e-05
 Mesh Index (20, 1, 2)
   Total Material
     Flux                                 0.000325135 +/- 4.94243e-05
 Mesh Index (1, 2, 2)
   Total Material
     Flux                                 0.00169273 +/- 0.000121573
 Mesh Index (2, 2, 2)
   Total Material
     Flux                                 0.00213419 +/- 0.000135571
 Mesh Index (3, 2, 2)
   Total Material
     Flux                                 0.00264872 +/- 0.000156668
 Mesh Index (4, 2, 2)
   Total Material
     Flux                                 0.00284257 +/- 0.000136337
 Mesh Index (5, 2, 2)
   Total Material
     Flux                                 0.00351389 +/- 0.000156144
 Mesh Index (6, 2, 2)
   Total Material
     Flux                                 0.00315991 +/- 0.000145863
 Mesh Index (7, 2, 2)
   Total Material
     Flux                                 0.00317773 +/- 0.000180286
 Mesh Index (8, 2, 2)
   Total Material
     Flux                                 0.00278114 +/- 0.000131642
 Mesh Index (9, 2, 2)
   Total Material
     Flux                                 0.00241208 +/- 0.000135353
 Mesh Index (10, 2, 2)
   Total Material
     Flux                                 0.0016579 +/- 0.000102166
 Mesh Index (11, 2, 2)
   Total Material
     Flux                                 0.00146466 +/- 0.000106861
 Mesh Index (12, 2, 2)
   Total Material
     Flux                                 0.0012158 +/- 5.03345e-05
 Mesh Index (13, 2, 2)
   Total Material
     Flux                                 0.000893748 +/- 8.37585e-05
 Mesh Index (14, 2, 2)
   Total Material
     Flux                                 0.000944968 +/- 0.000102066
 Mesh Index (15, 2, 2)
   Total Material
     Flux                                 0.000845513 +/- 0.000102092
 Mesh Index (16, 2, 2)
   Total Material
     Flux                                 0.000647336 +/- 5.72384e-05
 Mesh Index (17, 2, 2)
   Total Material
     Flux                                 0.000505836 +/- 6.14492e-05
 Mesh Index (18, 2, 2)
   Total Material
     Flux                                 0.000440134 +/- 5.67105e-05
 Mesh Index (19, 2, 2)
   Total Material
     Flux                                 0.000394505 +/- 4.06163e-05
 Mesh Index (20, 2, 2)
   Total Material
     Flux                                 0.000356494 +/- 5.78181e-05
 Mesh Index (1, 3, 2)
   Total Material
     Flux                                 0.00208266 +/- 0.000131582
 Mesh Index (2, 3, 2)
   Total Material
     Flux                                 0.00252258 +/- 0.000164159
 Mesh Index (3, 3, 2)
   Total Material
     Flux                                 0.00333356 +/- 0.00010016
 Mesh Index (4, 3, 2)
   Total Material
     Flux                                 0.00400523 +/- 0.000129036
 Mesh Index (5, 3, 2)
   Total Material
     Flux                                 0.0046843 +/- 0.000229149
 Mesh Index (6, 3, 2)
   Total Material
     Flux                                 0.00392127 +/- 0.000285747
 Mesh Index (7, 3, 2)
   Total Material
     Flux                                 0.00424313 +/- 0.000185298
 Mesh Index (8, 3, 2)
   Total Material
     Flux                                 0.00321047 +/- 0.000141288
 Mesh Index (9, 3, 2)
   Total Material
     Flux                                 0.00272555 +/- 0.000105969
 Mesh Index (10, 3, 2)
   Total Material
     Flux                                 0.00223404 +/- 0.000121955
 Mesh Index (11, 3, 2)
   Total Material
     Flux                                 0.00172219 +/- 0.000101122
 Mesh Index (12, 3, 2)
   Total Material
     Flux                                 0.00124284 +/- 0.000106876
 Mesh Index (13, 3, 2)
   Total Material
     Flux                                 0.00116556 +/- 0.000137347
 Mesh Index (14, 3, 2)
   Total Material
     Flux                                 0.000899146 +/- 6.59388e-05
 Mesh Index (15, 3, 2)
   Total Material
     Flux                                 0.000684004 +/- 6.52254e-05
 Mesh Index (16, 3, 2)
   Total Material
     Flux                                 0.000578988 +/- 4.562e-05
 Mesh Index (17, 3, 2)
   Total Material
     Flux                                 0.000550477 +/- 6.23577e-05
 Mesh Index (18, 3, 2)
   Total Material
     Flux                                 0.000486813 +/- 8.25314e-05
 Mesh Index (19, 3, 2)
   Total Material
     Flux                                 0.000377076 +/- 6.50794e-05
 Mesh Index (20, 3, 2)
   Total Material
     Flux                                 0.000367073 +/- 5.69612e-05
 Mesh Index (1, 4, 2)
   Total Material
     Flux                                 0.00214129 +/- 6.61094e-05
 Mesh Index (2, 4, 2)
   Total Material
     Flux                                 0.00300111 +/- 0.000161601
 Mesh Index (3, 4, 2)
   Total Material
     Flux                                 0.0038942 +/- 0.000215064
 Mesh Index (4, 4, 2)
   Total Material
     Flux                                 0.0049301 +/- 0.000216396
 Mesh Index (5, 4, 2)
   Total Material
     Flux                                 0.00537837 +/- 0.000220082
 Mesh Index (6, 4, 2)
   Total Material
     Flux                                 0.00532507 +/- 0.000261348
 Mesh Index (7, 4, 2)
   Total Material
     Flux                                 0.00491776 +/- 0.000186398
 Mesh Index (8, 4, 2)
   Total Material
     Flux                                 0.00395266 +/- 0.000198878
 Mesh Index (9, 4, 2)
   Total Material
     Flux                                 0.00297557 +/- 0.000173568
 Mesh Index (10, 4, 2)
   Total Material
     Flux                                 0.00238323 +/- 0.000149241
 Mesh Index (11, 4, 2)
   Total Material
     Flux                                 0.00177251 +/- 0.000145309
 Mesh Index (12, 4, 2)
   Total Material
     Flux                                 0.00146425 +/- 9.19215e-05
 Mesh Index (13, 4, 2)
   Total Material
     Flux                                 0.00100123 +/- 0.00012416
 Mesh Index (14, 4, 2)
   Total Material
     Flux                                 0.000809586 +/- 5.69923e-05
 Mesh Index (15, 4, 2)
   Total Material
     Flux                                 0.000783218 +/- 5.51221e-05
 Mesh Index (16, 4, 2)
   Total Material
     Flux                                 0.000705859 +/- 0.000104058
 Mesh Index (17, 4, 2)
   Total Material
     Flux                                 0.00058847 +/- 7.83506e-05
 Mesh Index (18, 4, 2)
   Total Material
     Flux                                 0.000496565 +/- 6.15964e-05
 Mesh Index (19, 4, 2)
   Total Material
     Flux                                 0.000454554 +/- 6.82899e-05
 Mesh Index (20, 4, 2)
   Total Material
     Flux                                 0.000362717 +/- 6.81388e-05
 Mesh Index (1, 5, 2)
   Total Material
     Flux                                 0.00256404 +/- 0.000146717
 Mesh Index (2, 5, 2)
   Total Material
     Flux                                 0.00324114 +/- 0.00016309
 Mesh Index (3, 5, 2)
   Total Material
     Flux                                 0.00420417 +/- 0.000192206
 Mesh Index (4, 5, 2)
   Total Material
     Flux                                 0.0055973 +/- 0.00023762
 Mesh Index (5, 5, 2)
   Total Material
     Flux                                 0.00600665 +/- 0.000297935
 Mesh Index (6, 5, 2)
   Total Material
     Flux                                 0.00635322 +/- 0.000207101
 Mesh Index (7, 5, 2)
   Total Material
     Flux                                 0.0057765 +/- 0.000299175
 Mesh Index (8, 5, 2)
   Total Material
     Flux                                 0.00432401 +/- 0.000209156
 Mesh Index (9, 5, 2)
   Total Material
     Flux                                 0.0033286 +/- 0.000136901
 Mesh Index (10, 5, 2)
   Total Material
     Flux                                 0.00254015 +/- 0.000169619
 Mesh Index (11, 5, 2)
   Total Material
     Flux                                 0.00182224 +/- 0.000145211
 Mesh Index (12, 5, 2)
   Total Material
     Flux                                 0.00145315 +/- 0.000130704
 Mesh Index (13, 5, 2)
   Total Material
     Flux                                 0.00123928 +/- 9.36353e-05
 Mesh Index (14, 5, 2)
   Total Material
     Flux                                 0.00102699 +/- 9.92169e-05
 Mesh Index (15, 5, 2)
   Total Material
     Flux                                 0.000807058 +/- 6.83744e-05
 Mesh Index (16, 5, 2)
   Total Material
     Flux                                 0.000694912 +/- 7.08851e-05
 Mesh Index (17, 5, 2)
   Total Material
     Flux                                 0.000598449 +/- 7.11805e-05
 Mesh Index (18, 5, 2)
   Total Material
     Flux                                 0.000500717 +/- 6.56697e-05
 Mesh Index (19, 5, 2)
   Total Material
     Flux                                 0.000374285 +/- 5.03371e-05
 Mesh Index (20, 5, 2)
   Total Material
     Flux                                 0.000313003 +/- 5.28809e-05
 Mesh Index (1, 6, 2)
   Total Material
     Flux                                 0.00207793 +/- 9.91202e-05
 Mesh Index (2, 6, 2)
   Total Material
     Flux                                 0.00304736 +/- 0.00015243
 Mesh Index (3, 6, 2)
   Total Material
     Flux                                 0.00415623 +/- 0.000148496
 Mesh Index (4, 6, 2)
   Total Material
     Flux                                 0.00534202 +/- 0.000266831
 Mesh Index (5, 6, 2)
   Total Material
     Flux                                 0.00650822 +/- 0.000257398
 Mesh Index (6, 6, 2)
   Total Material
     Flux                                 0.00611704 +/- 0.000277491
 Mesh Index (7, 6, 2)
   Total Material
     Flux                                 0.00531608 +/- 0.000185358
 Mesh Index (8, 6, 2)
   Total Material
     Flux                                 0.00436454 +/- 0.000251122
 Mesh Index (9, 6, 2)
   Total Material
     Flux                                 0.00317042 +/- 0.000199073
 Mesh Index (10, 6, 2)
   Total Material
     Flux                                 0.00253385 +/- 0.000165421
 Mesh Index (11, 6, 2)
   Total Material
     Flux                                 0.00202005 +/- 0.000114587
 Mesh Index (12, 6, 2)
   Total Material
     Flux                                 0.00147705 +/- 0.00012115
 Mesh Index (13, 6, 2)
   Total Material
     Flux                                 0.00101459 +/- 0.000112184
 Mesh Index (14, 6, 2)
   Total Material
     Flux                                 0.000806405 +/- 8.45925e-05
 Mesh Index (15, 6, 2)
   Total Material
     Flux                                 0.00073659 +/- 4.96206e-05
 Mesh Index (16, 6, 2)
   Total Material
     Flux                                 0.000680943 +/- 8.20098e-05
 Mesh Index (17, 6, 2)
   Total Material
     Flux                                 0.000512089 +/- 5.38394e-05
 Mesh Index (18, 6, 2)
   Total Material
     Flux                                 0.000435454 +/- 2.69345e-05
 Mesh Index (19, 6, 2)
   Total Material
     Flux                                 0.000357716 +/- 4.05406e-05
 Mesh Index (20, 6, 2)
   Total Material
     Flux                                 0.000314832 +/- 5.36052e-05
 Mesh Index (1, 7, 2)
   Total Material
     Flux                                 0.00232149 +/- 6.85538e-05
 Mesh Index (2, 7, 2)
   Total Material
     Flux                                 0.00293159 +/- 9.81008e-05
 Mesh Index (3, 7, 2)
   Total Material
     Flux                                 0.00377723 +/- 0.000178892
 Mesh Index (4, 7, 2)
   Total Material
     Flux                                 0.0046128 +/- 0.000207437
 Mesh Index (5, 7, 2)
   Total Material
     Flux                                 0.00517587 +/- 0.000184395
 Mesh Index (6, 7, 2)
   Total Material
     Flux                                 0.00558797 +/- 0.000346571
 Mesh Index (7, 7, 2)
   Total Material
     Flux                                 0.0048176 +/- 0.000172431
 Mesh Index (8, 7, 2)
   Total Material
     Flux                                 0.00395386 +/- 0.000207208
 Mesh Index (9, 7, 2)
   Total Material
     Flux                                 0.00316263 +/- 0.000215998
 Mesh Index (10, 7, 2)
   Total Material
     Flux                                 0.00229982 +/- 5.13273e-05
 Mesh Index (11, 7, 2)
   Total Material
     Flux                                 0.00173864 +/- 9.69574e-05
 Mesh Index (12, 7, 2)
   Total Material
     Flux                                 0.00143952 +/- 0.000128991
 Mesh Index (13, 7, 2)
   Total Material
     Flux                                 0.00109963 +/- 0.000117952
 Mesh Index (14, 7, 2)
   Total Material
     Flux                                 0.000782061 +/- 7.33927e-05
 Mesh Index (15, 7, 2)
   Total Material
     Flux                                 0.000738753 +/- 6.22946e-05
 Mesh Index (16, 7, 2)
   Total Material
     Flux                                 0.000647843 +/- 7.09698e-05
 Mesh Index (17, 7, 2)
   Total Material
     Flux                                 0.000513903 +/- 3.39767e-05
 Mesh Index (18, 7, 2)
   Total Material
     Flux                                 0.000424049 +/- 4.49927e-05
 Mesh Index (19, 7, 2)
   Total Material
     Flux                                 0.000383984 +/- 7.05518e-05
 Mesh Index (20, 7, 2)
   Total Material
     Flux                                 0.000394355 +/- 6.81433e-05
 Mesh Index (1, 8, 2)
   Total Material
     Flux                                 0.00221912 +/- 0.000180164
 Mesh Index (2, 8, 2)
   Total Material
     Flux                                 0.00289088 +/- 0.000132127
 Mesh Index (3, 8, 2)
   Total Material
     Flux                                 0.00286775 +/- 0.000167181
 Mesh Index (4, 8, 2)
   Total Material
     Flux                                 0.00389886 +/- 0.000128227
 Mesh Index (5, 8, 2)
   Total Material
     Flux                                 0.00419496 +/- 0.000188508
 Mesh Index (6, 8, 2)
   Total Material
     Flux                                 0.00428731 +/- 0.000178386
 Mesh Index (7, 8, 2)
   Total Material
     Flux                                 0.00390264 +/- 0.0002356
 Mesh Index (8, 8, 2)
   Total Material
     Flux                                 0.00308067 +/- 0.000148875
 Mesh Index (9, 8, 2)
   Total Material
     Flux                                 0.00276902 +/- 0.000175537
 Mesh Index (10, 8, 2)
   Total Material
     Flux                                 0.0022051 +/- 0.000207525
 Mesh Index (11, 8, 2)
   Total Material
     Flux                                 0.00195366 +/- 0.000163474
 Mesh Index (12, 8, 2)
   Total Material
     Flux                                 0.00128534 +/- 0.000127477
 Mesh Index (13, 8, 2)
   Total Material
     Flux                                 0.0010189 +/- 8.24566e-05
 Mesh Index (14, 8, 2)
   Total Material
     Flux                                 0.000810214 +/- 7.65014e-05
 Mesh Index (15, 8, 2)
   Total Material
     Flux                                 0.00060224 +/- 7.04051e-05
 Mesh Index (16, 8, 2)
   Total Material
     Flux                                 0.000542091 +/- 7.26886e-05
 Mesh Index (17, 8, 2)
   Total Material
     Flux                                 0.00051884 +/- 3.3356e-05
 Mesh Index (18, 8, 2)
   Total Material
     Flux                                 0.000484048 +/- 4.69611e-05
 Mesh Index (19, 8, 2)
   Total Material
     Flux                                 0.000389892 +/- 5.78611e-05
 Mesh Index (20, 8, 2)
   Total Material
     Flux                                 0.000372019 +/- 5.93694e-05
 Mesh Index (1, 9, 2)
   Total Material
     Flux                                 0.00170206 +/- 0.0001308
 Mesh Index (2, 9, 2)
   Total Material
     Flux                                 0.00227114 +/- 0.000118879
 Mesh Index (3, 9, 2)
   Total Material
     Flux                                 0.002368 +/- 0.000122792
 Mesh Index (4, 9, 2)
   Total Material
     Flux                                 0.00304896 +/- 0.000146269
 Mesh Index (5, 9, 2)
   Total Material
     Flux                                 0.0035562 +/- 0.000208704
 Mesh Index (6, 9, 2)
   Total Material
     Flux                                 0.00334756 +/- 9.75448e-05
 Mesh Index (7, 9, 2)
   Total Material
     Flux                                 0.00271021 +/- 0.000230712
 Mesh Index (8, 9, 2)
   Total Material
     Flux                                 0.00265664 +/- 0.00011432
 Mesh Index (9, 9, 2)
   Total Material
     Flux                                 0.00214882 +/- 0.000151039
 Mesh Index (10, 9, 2)
   Total Material
     Flux                                 0.00198962 +/- 0.000202019
 Mesh Index (11, 9, 2)
   Total Material
     Flux                                 0.00157647 +/- 0.000143193
 Mesh Index (12, 9, 2)
   Total Material
     Flux                                 0.00118355 +/- 0.000109475
 Mesh Index (13, 9, 2)
   Total Material
     Flux                                 0.000829638 +/- 6.90203e-05
 Mesh Index (14, 9, 2)
   Total Material
     Flux                                 0.0007296 +/- 8.49863e-05
 Mesh Index (15, 9, 2)
   Total Material
     Flux                                 0.000661593 +/- 8.73269e-05
 Mesh Index (16, 9, 2)
   Total Material
     Flux                                 0.000631969 +/- 7.52496e-05
 Mesh Index (17, 9, 2)
   Total Material
     Flux                                 0.000555201 +/- 6.15971e-05
 Mesh Index (18, 9, 2)
   Total Material
     Flux                                 0.000539414 +/- 6.03719e-05
 Mesh Index (19, 9, 2)
   Total Material
     Flux                                 0.00040002 +/- 6.79729e-05
 Mesh Index (20, 9, 2)
   Total Material
     Flux                                 0.000367791 +/- 8.22594e-05
 Mesh Index (1, 10, 2)
   Total Material
     Flux                                 0.0015281 +/- 0.000162704
 Mesh Index (2, 10, 2)
   Total Material
     Flux                                 0.00180963 +/- 0.000134201
 Mesh Index (3, 10, 2)
   Total Material
     Flux                                 0.00214377 +/- 0.000144086
 Mesh Index (4, 10, 2)
   Total Material
     Flux                                 0.00221002 +/- 0.000243
 Mesh Index (5, 10, 2)
   Total Material
     Flux                                 0.00232079 +/- 0.000157259
 Mesh Index (6, 10, 2)
   Total Material
     Flux                                 0.00239486 +/- 0.000127175
 Mesh Index (7, 10, 2)
   Total Material
     Flux                                 0.00229432 +/- 0.000139443
 Mesh Index (8, 10, 2)
   Total Material
     Flux                                 0.0020363 +/- 0.000149204
 Mesh Index (9, 10, 2)
   Total Material
     Flux                                 0.00180388 +/- 0.000185392
 Mesh Index (10, 10, 2)
   Total Material
     Flux                                 0.00159795 +/- 0.000132168
 Mesh Index (11, 10, 2)
   Total Material
     Flux                                 0.00132721 +/- 8.1226e-05
 Mesh Index (12, 10, 2)
   Total Material
     Flux                                 0.0010536 +/- 9.45659e-05
 Mesh Index (13, 10, 2)
   Total Material
     Flux                                 0.000847743 +/- 7.69728e-05
 Mesh Index (14, 10, 2)
   Total Material
     Flux                                 0.000731077 +/- 6.42864e-05
 Mesh Index (15, 10, 2)
   Total Material
     Flux                                 0.000638989 +/- 4.87729e-05
 Mesh Index (16, 10, 2)
   Total Material
     Flux                                 0.000540737 +/- 4.79544e-05
 Mesh Index (17, 10, 2)
   Total Material
     Flux                                 0.000585254 +/- 4.20845e-05
 Mesh Index (18, 10, 2)
   Total Material
     Flux                                 0.00058002 +/- 5.03279e-05
 Mesh Index (19, 10, 2)
   Total Material
     Flux                                 0.000509727 +/- 4.34178e-05
 Mesh Index (20, 10, 2)
   Total Material
     Flux                                 0.000376505 +/- 5.13982e-05
 Mesh Index (1, 1, 3)
   Total Material
     Flux                                 0.00181956 +/- 0.000136436
 Mesh Index (2, 1, 3)
   Total Material
     Flux                                 0.00202535 +/- 0.000139332
 Mesh Index (3, 1, 3)
   Total Material
     Flux                                 0.00276686 +/- 0.000142822
 Mesh Index (4, 1, 3)
   Total Material
     Flux                                 0.00278165 +/- 0.000170141
 Mesh Index (5, 1, 3)
   Total Material
     Flux                                 0.00337626 +/- 0.00016953
 Mesh Index (6, 1, 3)
   Total Material
     Flux                                 0.00300227 +/- 0.000200973
 Mesh Index (7, 1, 3)
   Total Material
     Flux                                 0.00269157 +/- 0.000187214
 Mesh Index (8, 1, 3)
   Total Material
     Flux                                 0.00244426 +/- 0.000126204
 Mesh Index (9, 1, 3)
   Total Material
     Flux                                 0.00215171 +/- 0.000107727
 Mesh Index (10, 1, 3)
   Total Material
     Flux                                 0.00151388 +/- 9.67275e-05
 Mesh Index (11, 1, 3)
   Total Material
     Flux                                 0.00124759 +/- 0.000103231
 Mesh Index (12, 1, 3)
   Total Material
     Flux                                 0.00112587 +/- 9.7351e-05
 Mesh Index (13, 1, 3)
   Total Material
     Flux                                 0.00103596 +/- 9.08764e-05
 Mesh Index (14, 1, 3)
   Total Material
     Flux                                 0.000935886 +/- 8.07156e-05
 Mesh Index (15, 1, 3)
   Total Material
     Flux                                 0.000695977 +/- 5.07506e-05
 Mesh Index (16, 1, 3)
   Total Material
     Flux                                 0.000600526 +/- 6.36466e-05
 Mesh Index (17, 1, 3)
   Total Material
     Flux                                 0.000544276 +/- 5.91412e-05
 Mesh Index (18, 1, 3)
   Total Material
     Flux                                 0.000423405 +/- 2.69438e-05
 Mesh Index (19, 1, 3)
   Total Material
     Flux                                 0.000338008 +/- 4.40488e-05
 Mesh Index (20, 1, 3)
   Total Material
     Flux                                 0.00033587 +/- 4.52748e-05
 Mesh Index (1, 2, 3)
   Total Material
     Flux                                 0.00177908 +/- 6.87128e-05
 Mesh Index (2, 2, 3)
   Total Material
     Flux                                 0.00262919 +/- 0.000139785
 Mesh Index (3, 2, 3)
   Total Material
     Flux                                 0.00325904 +/- 0.000179929
 Mesh Index (4, 2, 3)
   Total Material
     Flux                                 0.00409461 +/- 0.000174789
 Mesh Index (5, 2, 3)
   Total Material
     Flux                                 0.00449064 +/- 0.000216981
 Mesh Index (6, 2, 3)
   Total Material
     Flux                                 0.00412952 +/- 0.000145955
 Mesh Index (7, 2, 3)
   Total Material
     Flux                                 0.0037213 +/- 9.21265e-05
 Mesh Index (8, 2, 3)
   Total Material
     Flux                                 0.0033499 +/- 0.000141954
 Mesh Index (9, 2, 3)
   Total Material
     Flux                                 0.00235547 +/- 0.000115796
 Mesh Index (10, 2, 3)
   Total Material
     Flux                                 0.00192415 +/- 8.71184e-05
 Mesh Index (11, 2, 3)
   Total Material
     Flux                                 0.00172443 +/- 0.000102946
 Mesh Index (12, 2, 3)
   Total Material
     Flux                                 0.00125842 +/- 0.000155624
 Mesh Index (13, 2, 3)
   Total Material
     Flux                                 0.000954898 +/- 0.000115265
 Mesh Index (14, 2, 3)
   Total Material
     Flux                                 0.000799889 +/- 9.75822e-05
 Mesh Index (15, 2, 3)
   Total Material
     Flux                                 0.000712059 +/- 6.29877e-05
 Mesh Index (16, 2, 3)
   Total Material
     Flux                                 0.000622035 +/- 5.39196e-05
 Mesh Index (17, 2, 3)
   Total Material
     Flux                                 0.000519335 +/- 4.87454e-05
 Mesh Index (18, 2, 3)
   Total Material
     Flux                                 0.000522124 +/- 5.45893e-05
 Mesh Index (19, 2, 3)
   Total Material
     Flux                                 0.000500045 +/- 6.0181e-05
 Mesh Index (20, 2, 3)
   Total Material
     Flux                                 0.000391691 +/- 5.28131e-05
 Mesh Index (1, 3, 3)
   Total Material
     Flux                                 0.00226775 +/- 0.000105239
 Mesh Index (2, 3, 3)
   Total Material
     Flux                                 0.00302998 +/- 0.000169531
 Mesh Index (3, 3, 3)
   Total Material
     Flux                                 0.00424402 +/- 0.000170849
 Mesh Index (4, 3, 3)
   Total Material
     Flux                                 0.00545659 +/- 0.000280831
 Mesh Index (5, 3, 3)
   Total Material
     Flux                                 0.00657718 +/- 0.00015844
 Mesh Index (6, 3, 3)
   Total Material
     Flux                                 0.006209 +/- 0.000274461
 Mesh Index (7, 3, 3)
   Total Material
     Flux                                 0.00573977 +/- 0.000139159
 Mesh Index (8, 3, 3)
   Total Material
     Flux                                 0.00455176 +/- 0.000158765
 Mesh Index (9, 3, 3)
   Total Material
     Flux                                 0.00306814 +/- 0.000133199
 Mesh Index (10, 3, 3)
   Total Material
     Flux                                 0.00242818 +/- 9.36559e-05
 Mesh Index (11, 3, 3)
   Total Material
     Flux                                 0.00184457 +/- 0.000128465
 Mesh Index (12, 3, 3)
   Total Material
     Flux                                 0.00158142 +/- 0.000136213
 Mesh Index (13, 3, 3)
   Total Material
     Flux                                 0.00125961 +/- 8.42943e-05
 Mesh Index (14, 3, 3)
   Total Material
     Flux                                 0.000955769 +/- 5.82245e-05
 Mesh Index (15, 3, 3)
   Total Material
     Flux                                 0.000791905 +/- 4.43043e-05
 Mesh Index (16, 3, 3)
   Total Material
     Flux                                 0.000680584 +/- 5.60879e-05
 Mesh Index (17, 3, 3)
   Total Material
     Flux                                 0.000593227 +/- 6.24084e-05
 Mesh Index (18, 3, 3)
   Total Material
     Flux                                 0.000499707 +/- 4.82688e-05
 Mesh Index (19, 3, 3)
   Total Material
     Flux                                 0.000479493 +/- 8.12726e-05
 Mesh Index (20, 3, 3)
   Total Material
     Flux                                 0.000416279 +/- 7.47025e-05
 Mesh Index (1, 4, 3)
   Total Material
     Flux                                 0.00255411 +/- 0.000149764
 Mesh Index (2, 4, 3)
   Total Material
     Flux                                 0.0036355 +/- 0.000173249
 Mesh Index (3, 4, 3)
   Total Material
     Flux                                 0.00553567 +/- 0.000227566
 Mesh Index (4, 4, 3)
   Total Material
     Flux                                 0.00787019 +/- 0.000115107
 Mesh Index (5, 4, 3)
   Total Material
     Flux                                 0.00947174 +/- 0.000263592
 Mesh Index (6, 4, 3)
   Total Material
     Flux                                 0.00906363 +/- 0.000312979
 Mesh Index (7, 4, 3)
   Total Material
     Flux                                 0.00745196 +/- 0.000199827
 Mesh Index (8, 4, 3)
   Total Material
     Flux                                 0.00558555 +/- 0.00012937
 Mesh Index (9, 4, 3)
   Total Material
     Flux                                 0.00409553 +/- 0.000143485
 Mesh Index (10, 4, 3)
   Total Material
     Flux                                 0.00276235 +/- 0.00015173
 Mesh Index (11, 4, 3)
   Total Material
     Flux                                 0.00194052 +/- 0.000153528
 Mesh Index (12, 4, 3)
   Total Material
     Flux                                 0.00147483 +/- 8.88292e-05
 Mesh Index (13, 4, 3)
   Total Material
     Flux                                 0.00114554 +/- 8.48566e-05
 Mesh Index (14, 4, 3)
   Total Material
     Flux                                 0.00103991 +/- 0.000100684
 Mesh Index (15, 4, 3)
   Total Material
     Flux                                 0.000802488 +/- 7.54234e-05
 Mesh Index (16, 4, 3)
   Total Material
     Flux                                 0.000698261 +/- 9.06374e-05
 Mesh Index (17, 4, 3)
   Total Material
     Flux                                 0.000601142 +/- 7.98733e-05
 Mesh Index (18, 4, 3)
   Total Material
     Flux                                 0.000508226 +/- 6.63763e-05
 Mesh Index (19, 4, 3)
   Total Material
     Flux                                 0.000399657 +/- 4.69508e-05
 Mesh Index (20, 4, 3)
   Total Material
     Flux                                 0.000344946 +/- 4.98877e-05
 Mesh Index (1, 5, 3)
   Total Material
     Flux                                 0.00299207 +/- 0.000143552
 Mesh Index (2, 5, 3)
   Total Material
     Flux                                 0.00430407 +/- 0.000146392
 Mesh Index (3, 5, 3)
   Total Material
     Flux                                 0.00623508 +/- 0.000145845
 Mesh Index (4, 5, 3)
   Total Material
     Flux                                 0.00905738 +/- 0.000415663
 Mesh Index (5, 5, 3)
   Total Material
     Flux                                 0.0119045 +/- 0.000373253
 Mesh Index (6, 5, 3)
   Total Material
     Flux                                 0.0119392 +/- 0.000298847
 Mesh Index (7, 5, 3)
   Total Material
     Flux                                 0.00988955 +/- 0.0003581
 Mesh Index (8, 5, 3)
   Total Material
     Flux                                 0.00646146 +/- 0.000120621
 Mesh Index (9, 5, 3)
   Total Material
     Flux                                 0.00431855 +/- 0.000292613
 Mesh Index (10, 5, 3)
   Total Material
     Flux                                 0.00303535 +/- 0.000184896
 Mesh Index (11, 5, 3)
   Total Material
     Flux                                 0.00229537 +/- 0.000107848
 Mesh Index (12, 5, 3)
   Total Material
     Flux                                 0.00178704 +/- 0.000120332
 Mesh Index (13, 5, 3)
   Total Material
     Flux                                 0.00138649 +/- 8.98216e-05
 Mesh Index (14, 5, 3)
   Total Material
     Flux                                 0.001079 +/- 9.23103e-05
 Mesh Index (15, 5, 3)
   Total Material
     Flux                                 0.000888175 +/- 6.62502e-05
 Mesh Index (16, 5, 3)
   Total Material
     Flux                                 0.000653309 +/- 7.07014e-05
 Mesh Index (17, 5, 3)
   Total Material
     Flux                                 0.000543216 +/- 7.17784e-05
 Mesh Index (18, 5, 3)
   Total Material
     Flux                                 0.000467422 +/- 6.50184e-05
 Mesh Index (19, 5, 3)
   Total Material
     Flux                                 0.000475505 +/- 4.80447e-05
 Mesh Index (20, 5, 3)
   Total Material
     Flux                                 0.00045067 +/- 3.26308e-05
 Mesh Index (1, 6, 3)
   Total Material
     Flux                                 0.00278769 +/- 0.000146026
 Mesh Index (2, 6, 3)
   Total Material
     Flux                                 0.00386414 +/- 0.000149869
 Mesh Index (3, 6, 3)
   Total Material
     Flux                                 0.00597174 +/- 0.000157875
 Mesh Index (4, 6, 3)
   Total Material
     Flux                                 0.00876651 +/- 0.000326843
 Mesh Index (5, 6, 3)
   Total Material
     Flux                                 0.0120513 +/- 0.00026127
 Mesh Index (6, 6, 3)
   Total Material
     Flux                                 0.0117453 +/- 0.000382457
 Mesh Index (7, 6, 3)
   Total Material
     Flux                                 0.00918601 +/- 0.0003831
 Mesh Index (8, 6, 3)
   Total Material
     Flux                                 0.00630401 +/- 0.000345334
 Mesh Index (9, 6, 3)
   Total Material
     Flux                                 0.00445207 +/- 0.000185799
 Mesh Index (10, 6, 3)
   Total Material
     Flux                                 0.00308404 +/- 0.000165044
 Mesh Index (11, 6, 3)
   Total Material
     Flux                                 0.00199228 +/- 0.000147125
 Mesh Index (12, 6, 3)
   Total Material
     Flux                                 0.0014748 +/- 0.000109929
 Mesh Index (13, 6, 3)
   Total Material
     Flux                                 0.00120688 +/- 6.54913e-05
 Mesh Index (14, 6, 3)
   Total Material
     Flux                                 0.000976033 +/- 6.26573e-05
 Mesh Index (15, 6, 3)
   Total Material
     Flux                                 0.000822898 +/- 5.54999e-05
 Mesh Index (16, 6, 3)
   Total Material
     Flux                                 0.000609584 +/- 8.85863e-05
 Mesh Index (17, 6, 3)
   Total Material
     Flux                                 0.000565946 +/- 8.39379e-05
 Mesh Index (18, 6, 3)
   Total Material
     Flux                                 0.000466105 +/- 7.12497e-05
 Mesh Index (19, 6, 3)
   Total Material
     Flux                                 0.000404421 +/- 7.72982e-05
 Mesh Index (20, 6, 3)
   Total Material
     Flux                                 0.00035623 +/- 7.10634e-05
 Mesh Index (1, 7, 3)
   Total Material
     Flux                                 0.00279741 +/- 0.000132427
 Mesh Index (2, 7, 3)
   Total Material
     Flux                                 0.00397428 +/- 0.000190679
 Mesh Index (3, 7, 3)
   Total Material
     Flux                                 0.0056013 +/- 0.000187831
 Mesh Index (4, 7, 3)
   Total Material
     Flux                                 0.00715981 +/- 0.000257904
 Mesh Index (5, 7, 3)
   Total Material
     Flux                                 0.0090479 +/- 0.00020216
 Mesh Index (6, 7, 3)
   Total Material
     Flux                                 0.00943144 +/- 0.000357384
 Mesh Index (7, 7, 3)
   Total Material
     Flux                                 0.00749377 +/- 0.000171176
 Mesh Index (8, 7, 3)
   Total Material
     Flux                                 0.00573915 +/- 0.000340565
 Mesh Index (9, 7, 3)
   Total Material
     Flux                                 0.00406854 +/- 0.00024462
 Mesh Index (10, 7, 3)
   Total Material
     Flux                                 0.0028007 +/- 0.000126905
 Mesh Index (11, 7, 3)
   Total Material
     Flux                                 0.00194202 +/- 0.000142496
 Mesh Index (12, 7, 3)
   Total Material
     Flux                                 0.00147636 +/- 0.000103828
 Mesh Index (13, 7, 3)
   Total Material
     Flux                                 0.0011122 +/- 6.95872e-05
 Mesh Index (14, 7, 3)
   Total Material
     Flux                                 0.000985645 +/- 6.57099e-05
 Mesh Index (15, 7, 3)
   Total Material
     Flux                                 0.000773665 +/- 8.41346e-05
 Mesh Index (16, 7, 3)
   Total Material
     Flux                                 0.000671887 +/- 8.40455e-05
 Mesh Index (17, 7, 3)
   Total Material
     Flux                                 0.000563031 +/- 5.21992e-05
 Mesh Index (18, 7, 3)
   Total Material
     Flux                                 0.000455576 +/- 5.46751e-05
 Mesh Index (19, 7, 3)
   Total Material
     Flux                                 0.000330405 +/- 5.46314e-05
 Mesh Index (20, 7, 3)
   Total Material
     Flux                                 0.000240618 +/- 4.31727e-05
 Mesh Index (1, 8, 3)
   Total Material
     Flux                                 0.0024663 +/- 0.000145021
 Mesh Index (2, 8, 3)
   Total Material
     Flux                                 0.00300345 +/- 0.00016208
 Mesh Index (3, 8, 3)
   Total Material
     Flux                                 0.00436278 +/- 0.00023927
 Mesh Index (4, 8, 3)
   Total Material
     Flux                                 0.0052658 +/- 0.000133217
 Mesh Index (5, 8, 3)
   Total Material
     Flux                                 0.00671216 +/- 0.000378726
 Mesh Index (6, 8, 3)
   Total Material
     Flux                                 0.00631623 +/- 0.000133896
 Mesh Index (7, 8, 3)
   Total Material
     Flux                                 0.00519907 +/- 0.000284073
 Mesh Index (8, 8, 3)
   Total Material
     Flux                                 0.00436664 +/- 0.000253533
 Mesh Index (9, 8, 3)
   Total Material
     Flux                                 0.00353272 +/- 0.00018995
 Mesh Index (10, 8, 3)
   Total Material
     Flux                                 0.00250332 +/- 0.00016971
 Mesh Index (11, 8, 3)
   Total Material
     Flux                                 0.00165804 +/- 0.000104859
 Mesh Index (12, 8, 3)
   Total Material
     Flux                                 0.00134492 +/- 0.000111504
 Mesh Index (13, 8, 3)
   Total Material
     Flux                                 0.00125216 +/- 6.97402e-05
 Mesh Index (14, 8, 3)
   Total Material
     Flux                                 0.00106118 +/- 8.77304e-05
 Mesh Index (15, 8, 3)
   Total Material
     Flux                                 0.000840512 +/- 6.75936e-05
 Mesh Index (16, 8, 3)
   Total Material
     Flux                                 0.000697496 +/- 9.41032e-05
 Mesh Index (17, 8, 3)
   Total Material
     Flux                                 0.000610391 +/- 7.04389e-05
 Mesh Index (18, 8, 3)
   Total Material
     Flux                                 0.000504347 +/- 6.55378e-05
 Mesh Index (19, 8, 3)
   Total Material
     Flux                                 0.000442865 +/- 7.74642e-05
 Mesh Index (20, 8, 3)
   Total Material
     Flux                                 0.000344137 +/- 7.49738e-05
 Mesh Index (1, 9, 3)
   Total Material
     Flux                                 0.00190422 +/- 0.000134215
 Mesh Index (2, 9, 3)
   Total Material
     Flux                                 0.00261474 +/- 0.000204541
 Mesh Index (3, 9, 3)
   Total Material
     Flux                                 0.00331984 +/- 0.000170951
 Mesh Index (4, 9, 3)
   Total Material
     Flux                                 0.00386552 +/- 0.000215635
 Mesh Index (5, 9, 3)
   Total Material
     Flux                                 0.00395994 +/- 0.000239602
 Mesh Index (6, 9, 3)
   Total Material
     Flux                                 0.00430689 +/- 0.000176447
 Mesh Index (7, 9, 3)
   Total Material
     Flux                                 0.00367451 +/- 0.000182524
 Mesh Index (8, 9, 3)
   Total Material
     Flux                                 0.00321009 +/- 0.000199203
 Mesh Index (9, 9, 3)
   Total Material
     Flux                                 0.002656 +/- 0.000155094
 Mesh Index (10, 9, 3)
   Total Material
     Flux                                 0.00203783 +/- 0.000130902
 Mesh Index (11, 9, 3)
   Total Material
     Flux                                 0.00168592 +/- 0.00015119
 Mesh Index (12, 9, 3)
   Total Material
     Flux                                 0.00133318 +/- 0.000108391
 Mesh Index (13, 9, 3)
   Total Material
     Flux                                 0.00111636 +/- 7.51725e-05
 Mesh Index (14, 9, 3)
   Total Material
     Flux                                 0.00108722 +/- 6.26138e-05
 Mesh Index (15, 9, 3)
   Total Material
     Flux                                 0.000931929 +/- 9.74289e-05
 Mesh Index (16, 9, 3)
   Total Material
     Flux                                 0.000824471 +/- 9.30799e-05
 Mesh Index (17, 9, 3)
   Total Material
     Flux                                 0.000595813 +/- 6.63881e-05
 Mesh Index (18, 9, 3)
   Total Material
     Flux                                 0.000415508 +/- 4.89413e-05
 Mesh Index (19, 9, 3)
   Total Material
     Flux                                 0.000357315 +/- 5.58637e-05
 Mesh Index (20, 9, 3)
   Total Material
     Flux                                 0.000312719 +/- 4.04724e-05
 Mesh Index (1, 10, 3)
   Total Material
     Flux                                 0.00165033 +/- 0.000146971
 Mesh Index (2, 10, 3)
   Total Material
     Flux                                 0.0021512 +/- 0.000143042
 Mesh Index (3, 10, 3)
   Total Material
     Flux                                 0.00258554 +/- 0.000112283
 Mesh Index (4, 10, 3)
   Total Material
     Flux                                 0.00263704 +/- 0.000124799
 Mesh Index (5, 10, 3)
   Total Material
     Flux                                 0.00281378 +/- 0.000183849
 Mesh Index (6, 10, 3)
   Total Material
     Flux                                 0.00317815 +/- 0.000229225
 Mesh Index (7, 10, 3)
   Total Material
     Flux                                 0.00255215 +/- 0.000187504
 Mesh Index (8, 10, 3)
   Total Material
     Flux                                 0.00235703 +/- 0.000124289
 Mesh Index (9, 10, 3)
   Total Material
     Flux                                 0.0019455 +/- 8.99779e-05
 Mesh Index (10, 10, 3)
   Total Material
     Flux                                 0.0016067 +/- 0.000121922
 Mesh Index (11, 10, 3)
   Total Material
     Flux                                 0.00136921 +/- 6.99283e-05
 Mesh Index (12, 10, 3)
   Total Material
     Flux                                 0.00123453 +/- 0.000142471
 Mesh Index (13, 10, 3)
   Total Material
     Flux                                 0.00105803 +/- 0.000100827
 Mesh Index (14, 10, 3)
   Total Material
     Flux                                 0.000959768 +/- 0.00011981
 Mesh Index (15, 10, 3)
   Total Material
     Flux                                 0.000775196 +/- 7.5452e-05
 Mesh Index (16, 10, 3)
   Total Material
     Flux                                 0.000742874 +/- 7.30106e-05
 Mesh Index (17, 10, 3)
   Total Material
     Flux                                 0.000674905 +/- 8.85967e-05
 Mesh Index (18, 10, 3)
   Total Material
     Flux                                 0.00050993 +/- 6.93336e-05
 Mesh Index (19, 10, 3)
   Total Material
     Flux                                 0.000355332 +/- 4.49322e-05
 Mesh Index (20, 10, 3)
   Total Material
     Flux                                 0.00034798 +/- 4.84963e-05
 Mesh Index (1, 1, 4)
   Total Material
     Flux                                 0.00188906 +/- 0.000118524
 Mesh Index (2, 1, 4)
   Total Material
     Flux                                 0.00216795 +/- 0.000133084
 Mesh Index (3, 1, 4)
   Total Material
     Flux                                 0.0026103 +/- 0.000131003
 Mesh Index (4, 1, 4)
   Total Material
     Flux                                 0.00285626 +/- 0.000155263
 Mesh Index (5, 1, 4)
   Total Material
     Flux                                 0.00374147 +/- 0.000153497
 Mesh Index (6, 1, 4)
   Total Material
     Flux                                 0.00356285 +/- 0.000169556
 Mesh Index (7, 1, 4)
   Total Material
     Flux                                 0.00313397 +/- 0.000210119
 Mesh Index (8, 1, 4)
   Total Material
     Flux                                 0.00259858 +/- 0.000101631
 Mesh Index (9, 1, 4)
   Total Material
     Flux                                 0.00228541 +/- 0.000149577
 Mesh Index (10, 1, 4)
   Total Material
     Flux                                 0.00181503 +/- 0.000120539
 Mesh Index (11, 1, 4)
   Total Material
     Flux                                 0.00143313 +/- 9.28449e-05
 Mesh Index (12, 1, 4)
   Total Material
     Flux                                 0.00122518 +/- 0.000154497
 Mesh Index (13, 1, 4)
   Total Material
     Flux                                 0.00106202 +/- 0.00012391
 Mesh Index (14, 1, 4)
   Total Material
     Flux                                 0.000883875 +/- 5.99762e-05
 Mesh Index (15, 1, 4)
   Total Material
     Flux                                 0.000757217 +/- 3.25066e-05
 Mesh Index (16, 1, 4)
   Total Material
     Flux                                 0.000627389 +/- 3.95156e-05
 Mesh Index (17, 1, 4)
   Total Material
     Flux                                 0.000484287 +/- 3.99678e-05
 Mesh Index (18, 1, 4)
   Total Material
     Flux                                 0.000443022 +/- 8.0047e-05
 Mesh Index (19, 1, 4)
   Total Material
     Flux                                 0.000392285 +/- 0.000109595
 Mesh Index (20, 1, 4)
   Total Material
     Flux                                 0.000346521 +/- 8.63562e-05
 Mesh Index (1, 2, 4)
   Total Material
     Flux                                 0.00226547 +/- 0.000175231
 Mesh Index (2, 2, 4)
   Total Material
     Flux                                 0.00302387 +/- 0.000245265
 Mesh Index (3, 2, 4)
   Total Material
     Flux                                 0.00379448 +/- 0.000108146
 Mesh Index (4, 2, 4)
   Total Material
     Flux                                 0.00486433 +/- 0.000170936
 Mesh Index (5, 2, 4)
   Total Material
     Flux                                 0.00581394 +/- 0.000152184
 Mesh Index (6, 2, 4)
   Total Material
     Flux                                 0.0053355 +/- 0.00022235
 Mesh Index (7, 2, 4)
   Total Material
     Flux                                 0.00451969 +/- 0.00019835
 Mesh Index (8, 2, 4)
   Total Material
     Flux                                 0.00397133 +/- 0.000112215
 Mesh Index (9, 2, 4)
   Total Material
     Flux                                 0.00279877 +/- 0.000146322
 Mesh Index (10, 2, 4)
   Total Material
     Flux                                 0.00212115 +/- 0.000111093
 Mesh Index (11, 2, 4)
   Total Material
     Flux                                 0.0018708 +/- 0.000152312
 Mesh Index (12, 2, 4)
   Total Material
     Flux                                 0.00147339 +/- 9.0998e-05
 Mesh Index (13, 2, 4)
   Total Material
     Flux                                 0.00122292 +/- 6.18932e-05
 Mesh Index (14, 2, 4)
   Total Material
     Flux                                 0.000985205 +/- 6.0676e-05
 Mesh Index (15, 2, 4)
   Total Material
     Flux                                 0.000724737 +/- 7.59308e-05
 Mesh Index (16, 2, 4)
   Total Material
     Flux                                 0.000680673 +/- 0.000100595
 Mesh Index (17, 2, 4)
   Total Material
     Flux                                 0.000567864 +/- 6.70169e-05
 Mesh Index (18, 2, 4)
   Total Material
     Flux                                 0.000505301 +/- 6.023e-05
 Mesh Index (19, 2, 4)
   Total Material
     Flux                                 0.000441129 +/- 5.20615e-05
 Mesh Index (20, 2, 4)
   Total Material
     Flux                                 0.000427523 +/- 5.59108e-05
 Mesh Index (1, 3, 4)
   Total Material
     Flux                                 0.00252312 +/- 0.00016754
 Mesh Index (2, 3, 4)
   Total Material
     Flux                                 0.00360061 +/- 0.00017902
 Mesh Index (3, 3, 4)
   Total Material
     Flux                                 0.00544839 +/- 0.000216931
 Mesh Index (4, 3, 4)
   Total Material
     Flux                                 0.00794677 +/- 0.000299316
 Mesh Index (5, 3, 4)
   Total Material
     Flux                                 0.00978952 +/- 0.000328964
 Mesh Index (6, 3, 4)
   Total Material
     Flux                                 0.0088425 +/- 0.000306428
 Mesh Index (7, 3, 4)
   Total Material
     Flux                                 0.00751404 +/- 0.000114345
 Mesh Index (8, 3, 4)
   Total Material
     Flux                                 0.00506471 +/- 0.000184522
 Mesh Index (9, 3, 4)
   Total Material
     Flux                                 0.00375582 +/- 0.000147007
 Mesh Index (10, 3, 4)
   Total Material
     Flux                                 0.00289895 +/- 0.000203146
 Mesh Index (11, 3, 4)
   Total Material
     Flux                                 0.00203046 +/- 0.000113825
 Mesh Index (12, 3, 4)
   Total Material
     Flux                                 0.00152741 +/- 7.10147e-05
 Mesh Index (13, 3, 4)
   Total Material
     Flux                                 0.00122395 +/- 5.78776e-05
 Mesh Index (14, 3, 4)
   Total Material
     Flux                                 0.00101921 +/- 5.85055e-05
 Mesh Index (15, 3, 4)
   Total Material
     Flux                                 0.000935822 +/- 7.57443e-05
 Mesh Index (16, 3, 4)
   Total Material
     Flux                                 0.000786316 +/- 8.67381e-05
 Mesh Index (17, 3, 4)
   Total Material
     Flux                                 0.000680858 +/- 9.65103e-05
 Mesh Index (18, 3, 4)
   Total Material
     Flux                                 0.000614642 +/- 0.0001058
 Mesh Index (19, 3, 4)
   Total Material
     Flux                                 0.000524622 +/- 9.80712e-05
 Mesh Index (20, 3, 4)
   Total Material
     Flux                                 0.000441531 +/- 0.000104141
 Mesh Index (1, 4, 4)
   Total Material
     Flux                                 0.00322852 +/- 0.000134776
 Mesh Index (2, 4, 4)
   Total Material
     Flux                                 0.00460028 +/- 0.000177771
 Mesh Index (3, 4, 4)
   Total Material
     Flux                                 0.00696544 +/- 0.000222264
 Mesh Index (4, 4, 4)
   Total Material
     Flux                                 0.0119006 +/- 0.000268589
 Mesh Index (5, 4, 4)
   Total Material
     Flux                                 0.0178325 +/- 0.000283158
 Mesh Index (6, 4, 4)
   Total Material
     Flux                                 0.0171508 +/- 0.000370106
 Mesh Index (7, 4, 4)
   Total Material
     Flux                                 0.0122273 +/- 0.000219827
 Mesh Index (8, 4, 4)
   Total Material
     Flux                                 0.00750006 +/- 0.00017608
 Mesh Index (9, 4, 4)
   Total Material
     Flux                                 0.00478614 +/- 0.000214053
 Mesh Index (10, 4, 4)
   Total Material
     Flux                                 0.00331663 +/- 0.000157167
 Mesh Index (11, 4, 4)
   Total Material
     Flux                                 0.00234891 +/- 8.79831e-05
 Mesh Index (12, 4, 4)
   Total Material
     Flux                                 0.00184995 +/- 0.00010135
 Mesh Index (13, 4, 4)
   Total Material
     Flux                                 0.00146084 +/- 0.000123791
 Mesh Index (14, 4, 4)
   Total Material
     Flux                                 0.00115388 +/- 0.000124045
 Mesh Index (15, 4, 4)
   Total Material
     Flux                                 0.000962667 +/- 0.000111053
 Mesh Index (16, 4, 4)
   Total Material
     Flux                                 0.000760659 +/- 7.75855e-05
 Mesh Index (17, 4, 4)
   Total Material
     Flux                                 0.000603595 +/- 6.30244e-05
 Mesh Index (18, 4, 4)
   Total Material
     Flux                                 0.000499109 +/- 5.76194e-05
 Mesh Index (19, 4, 4)
   Total Material
     Flux                                 0.000429403 +/- 3.57766e-05
 Mesh Index (20, 4, 4)
   Total Material
     Flux                                 0.0003868 +/- 3.4119e-05
 Mesh Index (1, 5, 4)
   Total Material
     Flux                                 0.00328936 +/- 9.58233e-05
 Mesh Index (2, 5, 4)
   Total Material
     Flux                                 0.00526262 +/- 0.000183291
 Mesh Index (3, 5, 4)
   Total Material
     Flux                                 0.00894612 +/- 0.00028148
 Mesh Index (4, 5, 4)
   Total Material
     Flux                                 0.0170255 +/- 0.000240412
 Mesh Index (5, 5, 4)
   Total Material
     Flux                                 0.0301081 +/- 0.000639237
 Mesh Index (6, 5, 4)
   Total Material
     Flux                                 0.0303584 +/- 0.000553253
 Mesh Index (7, 5, 4)
   Total Material
     Flux                                 0.017521 +/- 0.000225143
 Mesh Index (8, 5, 4)
   Total Material
     Flux                                 0.00927585 +/- 0.000394713
 Mesh Index (9, 5, 4)
   Total Material
     Flux                                 0.0054759 +/- 0.000247218
 Mesh Index (10, 5, 4)
   Total Material
     Flux                                 0.00361821 +/- 0.000170472
 Mesh Index (11, 5, 4)
   Total Material
     Flux                                 0.00254181 +/- 0.000157101
 Mesh Index (12, 5, 4)
   Total Material
     Flux                                 0.00183846 +/- 0.000108425
 Mesh Index (13, 5, 4)
   Total Material
     Flux                                 0.00138338 +/- 0.000117497
 Mesh Index (14, 5, 4)
   Total Material
     Flux                                 0.00111606 +/- 7.71834e-05
 Mesh Index (15, 5, 4)
   Total Material
     Flux                                 0.000926674 +/- 7.72105e-05
 Mesh Index (16, 5, 4)
   Total Material
     Flux                                 0.000806129 +/- 7.49543e-05
 Mesh Index (17, 5, 4)
   Total Material
     Flux                                 0.000658271 +/- 5.88434e-05
 Mesh Index (18, 5, 4)
   Total Material
     Flux                                 0.000554599 +/- 6.96278e-05
 Mesh Index (19, 5, 4)
   Total Material
     Flux                                 0.000471608 +/- 7.30939e-05
 Mesh Index (20, 5, 4)
   Total Material
     Flux                                 0.000371218 +/- 5.71573e-05
 Mesh Index (1, 6, 4)
   Total Material
     Flux                                 0.00352129 +/- 0.000157685
 Mesh Index (2, 6, 4)
   Total Material
     Flux                                 0.00535431 +/- 0.000228919
 Mesh Index (3, 6, 4)
   Total Material
     Flux                                 0.00882123 +/- 0.000220687
 Mesh Index (4, 6, 4)
   Total Material
     Flux                                 0.0166619 +/- 0.000300026
 Mesh Index (5, 6, 4)
   Total Material
     Flux                                 0.0293322 +/- 0.000470584
 Mesh Index (6, 6, 4)
   Total Material
     Flux                                 0.0298476 +/- 0.000563691
 Mesh Index (7, 6, 4)
   Total Material
     Flux                                 0.0176076 +/- 0.000523175
 Mesh Index (8, 6, 4)
   Total Material
     Flux                                 0.0092057 +/- 0.000201812
 Mesh Index (9, 6, 4)
   Total Material
     Flux                                 0.00515051 +/- 0.000199435
 Mesh Index (10, 6, 4)
   Total Material
     Flux                                 0.00331102 +/- 8.45165e-05
 Mesh Index (11, 6, 4)
   Total Material
     Flux                                 0.00238261 +/- 0.000121117
 Mesh Index (12, 6, 4)
   Total Material
     Flux                                 0.00162885 +/- 0.000105528
 Mesh Index (13, 6, 4)
   Total Material
     Flux                                 0.00125667 +/- 0.000103637
 Mesh Index (14, 6, 4)
   Total Material
     Flux                                 0.000995649 +/- 7.39292e-05
 Mesh Index (15, 6, 4)
   Total Material
     Flux                                 0.000793815 +/- 6.46495e-05
 Mesh Index (16, 6, 4)
   Total Material
     Flux                                 0.000700081 +/- 5.79022e-05
 Mesh Index (17, 6, 4)
   Total Material
     Flux                                 0.000543758 +/- 6.55444e-05
 Mesh Index (18, 6, 4)
   Total Material
     Flux                                 0.000485875 +/- 5.4659e-05
 Mesh Index (19, 6, 4)
   Total Material
     Flux                                 0.000466891 +/- 6.15964e-05
 Mesh Index (20, 6, 4)
   Total Material
     Flux                                 0.000423453 +/- 5.99576e-05
 Mesh Index (1, 7, 4)
   Total Material
     Flux                                 0.00309366 +/- 0.000194452
 Mesh Index (2, 7, 4)
   Total Material
     Flux                                 0.00481572 +/- 0.000159381
 Mesh Index (3, 7, 4)
   Total Material
     Flux                                 0.00739231 +/- 0.000186983
 Mesh Index (4, 7, 4)
   Total Material
     Flux                                 0.0118493 +/- 0.000427751
 Mesh Index (5, 7, 4)
   Total Material
     Flux                                 0.0172512 +/- 0.000554413
 Mesh Index (6, 7, 4)
   Total Material
     Flux                                 0.0168722 +/- 0.000454424
 Mesh Index (7, 7, 4)
   Total Material
     Flux                                 0.0122103 +/- 0.000370157
 Mesh Index (8, 7, 4)
   Total Material
     Flux                                 0.00780498 +/- 0.000345983
 Mesh Index (9, 7, 4)
   Total Material
     Flux                                 0.00468202 +/- 0.000178255
 Mesh Index (10, 7, 4)
   Total Material
     Flux                                 0.00336225 +/- 0.000133394
 Mesh Index (11, 7, 4)
   Total Material
     Flux                                 0.00248814 +/- 0.00014123
 Mesh Index (12, 7, 4)
   Total Material
     Flux                                 0.0017667 +/- 0.000129662
 Mesh Index (13, 7, 4)
   Total Material
     Flux                                 0.00131018 +/- 0.000157391
 Mesh Index (14, 7, 4)
   Total Material
     Flux                                 0.00100662 +/- 0.000137882
 Mesh Index (15, 7, 4)
   Total Material
     Flux                                 0.000775954 +/- 9.91377e-05
 Mesh Index (16, 7, 4)
   Total Material
     Flux                                 0.000586543 +/- 5.81304e-05
 Mesh Index (17, 7, 4)
   Total Material
     Flux                                 0.000536906 +/- 3.73821e-05
 Mesh Index (18, 7, 4)
   Total Material
     Flux                                 0.000459817 +/- 4.61698e-05
 Mesh Index (19, 7, 4)
   Total Material
     Flux                                 0.000369624 +/- 4.00051e-05
 Mesh Index (20, 7, 4)
   Total Material
     Flux                                 0.000354888 +/- 3.2189e-05
 Mesh Index (1, 8, 4)
   Total Material
     Flux                                 0.00284424 +/- 0.000135876
 Mesh Index (2, 8, 4)
   Total Material
     Flux                                 0.00390811 +/- 0.000216472
 Mesh Index (3, 8, 4)
   Total Material
     Flux                                 0.00541204 +/- 0.000323593
 Mesh Index (4, 8, 4)
   Total Material
     Flux                                 0.00779041 +/- 0.00023418
 Mesh Index (5, 8, 4)
   Total Material
     Flux                                 0.00869676 +/- 0.000335526
 Mesh Index (6, 8, 4)
   Total Material
     Flux                                 0.00923773 +/- 0.000419587
 Mesh Index (7, 8, 4)
   Total Material
     Flux                                 0.00730589 +/- 0.000215149
 Mesh Index (8, 8, 4)
   Total Material
     Flux                                 0.00532486 +/- 0.000207456
 Mesh Index (9, 8, 4)
   Total Material
     Flux                                 0.00389867 +/- 0.000227065
 Mesh Index (10, 8, 4)
   Total Material
     Flux                                 0.00302115 +/- 0.000172379
 Mesh Index (11, 8, 4)
   Total Material
     Flux                                 0.0024084 +/- 0.000144843
 Mesh Index (12, 8, 4)
   Total Material
     Flux                                 0.00186772 +/- 0.0001315
 Mesh Index (13, 8, 4)
   Total Material
     Flux                                 0.00138399 +/- 9.33275e-05
 Mesh Index (14, 8, 4)
   Total Material
     Flux                                 0.000904818 +/- 5.98966e-05
 Mesh Index (15, 8, 4)
   Total Material
     Flux                                 0.000773582 +/- 7.45749e-05
 Mesh Index (16, 8, 4)
   Total Material
     Flux                                 0.000663768 +/- 6.67328e-05
 Mesh Index (17, 8, 4)
   Total Material
     Flux                                 0.000556881 +/- 8.94031e-05
 Mesh Index (18, 8, 4)
   Total Material
     Flux                                 0.000489363 +/- 8.29722e-05
 Mesh Index (19, 8, 4)
   Total Material
     Flux                                 0.000503102 +/- 7.14021e-05
 Mesh Index (20, 8, 4)
   Total Material
     Flux                                 0.000419858 +/- 4.56097e-05
 Mesh Index (1, 9, 4)
   Total Material
     Flux                                 0.00248246 +/- 0.000126961
 Mesh Index (2, 9, 4)
   Total Material
     Flux                                 0.00303066 +/- 0.000209407
 Mesh Index (3, 9, 4)
   Total Material
     Flux                                 0.0043203 +/- 0.000176052
 Mesh Index (4, 9, 4)
   Total Material
     Flux                                 0.004841 +/- 0.000186633
 Mesh Index (5, 9, 4)
   Total Material
     Flux                                 0.00528806 +/- 0.000168056
 Mesh Index (6, 9, 4)
   Total Material
     Flux                                 0.00551184 +/- 0.000331154
 Mesh Index (7, 9, 4)
   Total Material
     Flux                                 0.00487399 +/- 0.000245946
 Mesh Index (8, 9, 4)
   Total Material
     Flux                                 0.00374102 +/- 0.000168399
 Mesh Index (9, 9, 4)
   Total Material
     Flux                                 0.00288336 +/- 0.000166425
 Mesh Index (10, 9, 4)
   Total Material
     Flux                                 0.00229657 +/- 0.000187999
 Mesh Index (11, 9, 4)
   Total Material
     Flux                                 0.00189234 +/- 0.0001087
 Mesh Index (12, 9, 4)
   Total Material
     Flux                                 0.00155866 +/- 0.00011423
 Mesh Index (13, 9, 4)
   Total Material
     Flux                                 0.00121783 +/- 8.03472e-05
 Mesh Index (14, 9, 4)
   Total Material
     Flux                                 0.000963687 +/- 9.80321e-05
 Mesh Index (15, 9, 4)
   Total Material
     Flux                                 0.000710903 +/- 9.72392e-05
 Mesh Index (16, 9, 4)
   Total Material
     Flux                                 0.000484908 +/- 5.9402e-05
 Mesh Index (17, 9, 4)
   Total Material
     Flux                                 0.000441822 +/- 6.74337e-05
 Mesh Index (18, 9, 4)
   Total Material
     Flux                                 0.000470367 +/- 6.78706e-05
 Mesh Index (19, 9, 4)
   Total Material
     Flux                                 0.000400754 +/- 6.50029e-05
 Mesh Index (20, 9, 4)
   Total Material
     Flux                                 0.000363153 +/- 4.34883e-05
 Mesh Index (1, 10, 4)
   Total Material
     Flux                                 0.00179056 +/- 8.60451e-05
 Mesh Index (2, 10, 4)
   Total Material
     Flux                                 0.00249833 +/- 9.01125e-05
 Mesh Index (3, 10, 4)
   Total Material
     Flux                                 0.00302147 +/- 0.000203185
 Mesh Index (4, 10, 4)
   Total Material
     Flux                                 0.00323751 +/- 0.000157347
 Mesh Index (5, 10, 4)
   Total Material
     Flux                                 0.00337707 +/- 0.000239763
 Mesh Index (6, 10, 4)
   Total Material
     Flux                                 0.00328173 +/- 0.000159044
 Mesh Index (7, 10, 4)
   Total Material
     Flux                                 0.00362338 +/- 0.000156463
 Mesh Index (8, 10, 4)
   Total Material
     Flux                                 0.00280805 +/- 0.000148184
 Mesh Index (9, 10, 4)
   Total Material
     Flux                                 0.00228023 +/- 0.000119164
 Mesh Index (10, 10, 4)
   Total Material
     Flux                                 0.00176712 +/- 9.49255e-05
 Mesh Index (11, 10, 4)
   Total Material
     Flux                                 0.00131983 +/- 0.000129757
 Mesh Index (12, 10, 4)
   Total Material
     Flux                                 0.00125676 +/- 0.00011131
 Mesh Index (13, 10, 4)
   Total Material
     Flux                                 0.00103084 +/- 9.90943e-05
 Mesh Index (14, 10, 4)
   Total Material
     Flux                                 0.000915741 +/- 8.03973e-05
 Mesh Index (15, 10, 4)
   Total Material
     Flux                                 0.000763758 +/- 8.40265e-05
 Mesh Index (16, 10, 4)
   Total Material
     Flux                                 0.000526868 +/- 5.1961e-05
 Mesh Index (17, 10, 4)
   Total Material
     Flux                                 0.000394119 +/- 5.52187e-05
 Mesh Index (18, 10, 4)
   Total Material
     Flux                                 0.000306295 +/- 5.41142e-05
 Mesh Index (19, 10, 4)
   Total Material
     Flux                                 0.000292748 +/- 4.87665e-05
 Mesh Index (20, 10, 4)
   Total Material
     Flux                                 0.000290038 +/- 4.71459e-05
 Mesh Index (1, 1, 5)
   Total Material
     Flux                                 0.00199627 +/- 0.000130229
 Mesh Index (2, 1, 5)
   Total Material
     Flux                                 0.00218402 +/- 0.00010893
 Mesh Index (3, 1, 5)
   Total Material
     Flux                                 0.00290444 +/- 0.000143606
 Mesh Index (4, 1, 5)
   Total Material
     Flux                                 0.00362103 +/- 0.000153715
 Mesh Index (5, 1, 5)
   Total Material
     Flux                                 0.00347967 +/- 0.000105647
 Mesh Index (6, 1, 5)
   Total Material
     Flux                                 0.00379704 +/- 0.000195854
 Mesh Index (7, 1, 5)
   Total Material
     Flux                                 0.00343191 +/- 0.000145663
 Mesh Index (8, 1, 5)
   Total Material
     Flux                                 0.00302074 +/- 0.000145441
 Mesh Index (9, 1, 5)
   Total Material
     Flux                                 0.00225896 +/- 0.000160049
 Mesh Index (10, 1, 5)
   Total Material
     Flux                                 0.00194328 +/- 0.000139823
 Mesh Index (11, 1, 5)
   Total Material
     Flux                                 0.00167673 +/- 0.000149215
 Mesh Index (12, 1, 5)
   Total Material
     Flux                                 0.0012961 +/- 0.000126278
 Mesh Index (13, 1, 5)
   Total Material
     Flux                                 0.000958155 +/- 8.61386e-05
 Mesh Index (14, 1, 5)
   Total Material
     Flux                                 0.000731356 +/- 5.47202e-05
 Mesh Index (15, 1, 5)
   Total Material
     Flux                                 0.000709063 +/- 7.57911e-05
 Mesh Index (16, 1, 5)
   Total Material
     Flux                                 0.000560859 +/- 6.11461e-05
 Mesh Index (17, 1, 5)
   Total Material
     Flux                                 0.000447441 +/- 4.81731e-05
 Mesh Index (18, 1, 5)
   Total Material
     Flux                                 0.000359888 +/- 4.22335e-05
 Mesh Index (19, 1, 5)
   Total Material
     Flux                                 0.000332409 +/- 5.34804e-05
 Mesh Index (20, 1, 5)
   Total Material
     Flux                                 0.000203673 +/- 4.02223e-05
 Mesh Index (1, 2, 5)
   Total Material
     Flux                                 0.00223884 +/- 9.66129e-05
 Mesh Index (2, 2, 5)
   Total Material
     Flux                                 0.00322158 +/- 0.000121715
 Mesh Index (3, 2, 5)
   Total Material
     Flux                                 0.00397559 +/- 0.00015257
 Mesh Index (4, 2, 5)
   Total Material
     Flux                                 0.00535988 +/- 0.000216914
 Mesh Index (5, 2, 5)
   Total Material
     Flux                                 0.00580034 +/- 0.000154962
 Mesh Index (6, 2, 5)
   Total Material
     Flux                                 0.00635857 +/- 0.000262177
 Mesh Index (7, 2, 5)
   Total Material
     Flux                                 0.005312 +/- 0.000220928
 Mesh Index (8, 2, 5)
   Total Material
     Flux                                 0.0040193 +/- 0.000217125
 Mesh Index (9, 2, 5)
   Total Material
     Flux                                 0.00323234 +/- 0.000183464
 Mesh Index (10, 2, 5)
   Total Material
     Flux                                 0.00250792 +/- 0.000207937
 Mesh Index (11, 2, 5)
   Total Material
     Flux                                 0.00177898 +/- 0.000165448
 Mesh Index (12, 2, 5)
   Total Material
     Flux                                 0.00140466 +/- 0.000103198
 Mesh Index (13, 2, 5)
   Total Material
     Flux                                 0.00108753 +/- 7.74325e-05
 Mesh Index (14, 2, 5)
   Total Material
     Flux                                 0.000861462 +/- 7.2253e-05
 Mesh Index (15, 2, 5)
   Total Material
     Flux                                 0.000631865 +/- 7.43025e-05
 Mesh Index (16, 2, 5)
   Total Material
     Flux                                 0.000511844 +/- 5.94503e-05
 Mesh Index (17, 2, 5)
   Total Material
     Flux                                 0.000414372 +/- 5.03822e-05
 Mesh Index (18, 2, 5)
   Total Material
     Flux                                 0.000390732 +/- 5.49175e-05
 Mesh Index (19, 2, 5)
   Total Material
     Flux                                 0.000382274 +/- 5.60138e-05
 Mesh Index (20, 2, 5)
   Total Material
     Flux                                 0.000327064 +/- 4.28843e-05
 Mesh Index (1, 3, 5)
   Total Material
     Flux                                 0.00335344 +/- 0.000225429
 Mesh Index (2, 3, 5)
   Total Material
     Flux                                 0.00417464 +/- 0.000120484
 Mesh Index (3, 3, 5)
   Total Material
     Flux                                 0.0060529 +/- 0.000219032
 Mesh Index (4, 3, 5)
   Total Material
     Flux                                 0.00860039 +/- 0.000236401
 Mesh Index (5, 3, 5)
   Total Material
     Flux                                 0.0115246 +/- 0.000195043
 Mesh Index (6, 3, 5)
   Total Material
     Flux                                 0.0118225 +/- 0.000411248
 Mesh Index (7, 3, 5)
   Total Material
     Flux                                 0.00899825 +/- 0.000192724
 Mesh Index (8, 3, 5)
   Total Material
     Flux                                 0.00613477 +/- 0.000251961
 Mesh Index (9, 3, 5)
   Total Material
     Flux                                 0.00430497 +/- 0.00034321
 Mesh Index (10, 3, 5)
   Total Material
     Flux                                 0.00287321 +/- 0.000143426
 Mesh Index (11, 3, 5)
   Total Material
     Flux                                 0.00210324 +/- 0.000100601
 Mesh Index (12, 3, 5)
   Total Material
     Flux                                 0.00151573 +/- 0.000123596
 Mesh Index (13, 3, 5)
   Total Material
     Flux                                 0.00114394 +/- 0.000124588
 Mesh Index (14, 3, 5)
   Total Material
     Flux                                 0.000942016 +/- 8.72279e-05
 Mesh Index (15, 3, 5)
   Total Material
     Flux                                 0.000740821 +/- 8.51864e-05
 Mesh Index (16, 3, 5)
   Total Material
     Flux                                 0.000691786 +/- 8.43837e-05
 Mesh Index (17, 3, 5)
   Total Material
     Flux                                 0.000595601 +/- 7.92121e-05
 Mesh Index (18, 3, 5)
   Total Material
     Flux                                 0.000470106 +/- 8.39404e-05
 Mesh Index (19, 3, 5)
   Total Material
     Flux                                 0.000397085 +/- 5.14083e-05
 Mesh Index (20, 3, 5)
   Total Material
     Flux                                 0.000390543 +/- 4.22476e-05
 Mesh Index (1, 4, 5)
   Total Material
     Flux                                 0.00348607 +/- 0.000147777
 Mesh Index (2, 4, 5)
   Total Material
     Flux                                 0.00539603 +/- 0.000293495
 Mesh Index (3, 4, 5)
   Total Material
     Flux                                 0.00917594 +/- 0.000260858
 Mesh Index (4, 4, 5)
   Total Material
     Flux                                 0.016646 +/- 0.000356602
 Mesh Index (5, 4, 5)
   Total Material
     Flux                                 0.0298499 +/- 0.000436413
 Mesh Index (6, 4, 5)
   Total Material
     Flux                                 0.0293515 +/- 0.000631711
 Mesh Index (7, 4, 5)
   Total Material
     Flux                                 0.016641 +/- 0.000376881
 Mesh Index (8, 4, 5)
   Total Material
     Flux                                 0.00909236 +/- 0.000392061
 Mesh Index (9, 4, 5)
   Total Material
     Flux                                 0.00529976 +/- 0.000139497
 Mesh Index (10, 4, 5)
   Total Material
     Flux                                 0.00342057 +/- 0.000138758
 Mesh Index (11, 4, 5)
   Total Material
     Flux                                 0.00246466 +/- 7.94183e-05
 Mesh Index (12, 4, 5)
   Total Material
     Flux                                 0.00186295 +/- 0.0001194
 Mesh Index (13, 4, 5)
   Total Material
     Flux                                 0.00149951 +/- 0.000136707
 Mesh Index (14, 4, 5)
   Total Material
     Flux                                 0.00114983 +/- 0.000116428
 Mesh Index (15, 4, 5)
   Total Material
     Flux                                 0.000925501 +/- 0.0001018
 Mesh Index (16, 4, 5)
   Total Material
     Flux                                 0.00072192 +/- 6.79557e-05
 Mesh Index (17, 4, 5)
   Total Material
     Flux                                 0.000591964 +/- 4.65155e-05
 Mesh Index (18, 4, 5)
   Total Material
     Flux                                 0.000526034 +/- 5.40946e-05
 Mesh Index (19, 4, 5)
   Total Material
     Flux                                 0.000459086 +/- 5.60927e-05
 Mesh Index (20, 4, 5)
   Total Material
     Flux                                 0.000346034 +/- 5.6809e-05
 Mesh Index (1, 5, 5)
   Total Material
     Flux                                 0.00415282 +/- 0.000213722
 Mesh Index (2, 5, 5)
   Total Material
     Flux                                 0.00661081 +/- 0.000282581
 Mesh Index (3, 5, 5)
   Total Material
     Flux                                 0.0120776 +/- 0.000322126
 Mesh Index (4, 5, 5)
   Total Material
     Flux                                 0.0295174 +/- 0.0005637
 Mesh Index (5, 5, 5)
   Total Material
     Flux                                 0.15288 +/- 0.00156131
 Mesh Index (6, 5, 5)
   Total Material
     Flux                                 0.153386 +/- 0.000980384
 Mesh Index (7, 5, 5)
   Total Material
     Flux                                 0.0301357 +/- 0.000515495
 Mesh Index (8, 5, 5)
   Total Material
     Flux                                 0.0122488 +/- 0.000171016
 Mesh Index (9, 5, 5)
   Total Material
     Flux                                 0.00659259 +/- 0.00010812
 Mesh Index (10, 5, 5)
   Total Material
     Flux                                 0.00406601 +/- 0.000120695
 Mesh Index (11, 5, 5)
   Total Material
     Flux                                 0.00272081 +/- 0.000112567
 Mesh Index (12, 5, 5)
   Total Material
     Flux                                 0.00192227 +/- 0.000113937
 Mesh Index (13, 5, 5)
   Total Material
     Flux                                 0.00136782 +/- 0.000101201
 Mesh Index (14, 5, 5)
   Total Material
     Flux                                 0.00105961 +/- 0.000102995
 Mesh Index (15, 5, 5)
   Total Material
     Flux                                 0.000837784 +/- 0.000104237
 Mesh Index (16, 5, 5)
   Total Material
     Flux                                 0.00069262 +/- 0.00010318
 Mesh Index (17, 5, 5)
   Total Material
     Flux                                 0.000606466 +/- 9.42413e-05
 Mesh Index (18, 5, 5)
   Total Material
     Flux                                 0.000494204 +/- 7.34629e-05
 Mesh Index (19, 5, 5)
   Total Material
     Flux                                 0.000410495 +/- 5.88199e-05
 Mesh Index (20, 5, 5)
   Total Material
     Flux                                 0.000368997 +/- 5.39023e-05
 Mesh Index (1, 6, 5)
   Total Material
     Flux                                 0.00393835 +/- 0.000260695
 Mesh Index (2, 6, 5)
   Total Material
     Flux                                 0.00647171 +/- 0.000326573
 Mesh Index (3, 6, 5)
   Total Material
     Flux                                 0.0121245 +/- 0.000468273
 Mesh Index (4, 6, 5)
   Total Material
     Flux                                 0.0298794 +/- 0.000542772
 Mesh Index (5, 6, 5)
   Total Material
     Flux                                 0.152193 +/- 0.00143405
 Mesh Index (6, 6, 5)
   Total Material
     Flux                                 0.153111 +/- 0.00136964
 Mesh Index (7, 6, 5)
   Total Material
     Flux                                 0.0298787 +/- 0.00047914
 Mesh Index (8, 6, 5)
   Total Material
     Flux                                 0.0117214 +/- 0.000299402
 Mesh Index (9, 6, 5)
   Total Material
     Flux                                 0.00618385 +/- 0.00030024
 Mesh Index (10, 6, 5)
   Total Material
     Flux                                 0.00381051 +/- 0.000188503
 Mesh Index (11, 6, 5)
   Total Material
     Flux                                 0.00253105 +/- 0.000102033
 Mesh Index (12, 6, 5)
   Total Material
     Flux                                 0.00184226 +/- 8.19458e-05
 Mesh Index (13, 6, 5)
   Total Material
     Flux                                 0.00140252 +/- 6.6853e-05
 Mesh Index (14, 6, 5)
   Total Material
     Flux                                 0.00106804 +/- 7.43688e-05
 Mesh Index (15, 6, 5)
   Total Material
     Flux                                 0.00084668 +/- 6.42432e-05
 Mesh Index (16, 6, 5)
   Total Material
     Flux                                 0.000721507 +/- 5.21297e-05
 Mesh Index (17, 6, 5)
   Total Material
     Flux                                 0.000674751 +/- 5.56069e-05
 Mesh Index (18, 6, 5)
   Total Material
     Flux                                 0.000563738 +/- 5.95966e-05
 Mesh Index (19, 6, 5)
   Total Material
     Flux                                 0.000445634 +/- 6.50448e-05
 Mesh Index (20, 6, 5)
   Total Material
     Flux                                 0.000361605 +/- 4.1673e-05
 Mesh Index (1, 7, 5)
   Total Material
     Flux                                 0.00370867 +/- 0.000179138
 Mesh Index (2, 7, 5)
   Total Material
     Flux                                 0.00544336 +/- 0.000282917
 Mesh Index (3, 7, 5)
   Total Material
     Flux                                 0.00933566 +/- 0.000235847
 Mesh Index (4, 7, 5)
   Total Material
     Flux                                 0.0173008 +/- 0.000387077
 Mesh Index (5, 7, 5)
   Total Material
     Flux                                 0.0299182 +/- 0.000439839
 Mesh Index (6, 7, 5)
   Total Material
     Flux                                 0.0299291 +/- 0.000726224
 Mesh Index (7, 7, 5)
   Total Material
     Flux                                 0.0167654 +/- 0.000356644
 Mesh Index (8, 7, 5)
   Total Material
     Flux                                 0.00939231 +/- 0.000204744
 Mesh Index (9, 7, 5)
   Total Material
     Flux                                 0.00561666 +/- 0.000200108
 Mesh Index (10, 7, 5)
   Total Material
     Flux                                 0.00324873 +/- 9.87304e-05
 Mesh Index (11, 7, 5)
   Total Material
     Flux                                 0.00230847 +/- 0.000109224
 Mesh Index (12, 7, 5)
   Total Material
     Flux                                 0.00179271 +/- 0.000184325
 Mesh Index (13, 7, 5)
   Total Material
     Flux                                 0.00136779 +/- 0.000143471
 Mesh Index (14, 7, 5)
   Total Material
     Flux                                 0.00115394 +/- 0.000132972
 Mesh Index (15, 7, 5)
   Total Material
     Flux                                 0.000980325 +/- 8.79927e-05
 Mesh Index (16, 7, 5)
   Total Material
     Flux                                 0.000740742 +/- 5.92705e-05
 Mesh Index (17, 7, 5)
   Total Material
     Flux                                 0.000557816 +/- 4.14149e-05
 Mesh Index (18, 7, 5)
   Total Material
     Flux                                 0.000474028 +/- 5.18875e-05
 Mesh Index (19, 7, 5)
   Total Material
     Flux                                 0.000418921 +/- 4.23881e-05
 Mesh Index (20, 7, 5)
   Total Material
     Flux                                 0.000369168 +/- 2.71593e-05
 Mesh Index (1, 8, 5)
   Total Material
     Flux                                 0.00292873 +/- 0.00018635
 Mesh Index (2, 8, 5)
   Total Material
     Flux                                 0.00444495 +/- 0.000128695
 Mesh Index (3, 8, 5)
   Total Material
     Flux                                 0.00631251 +/- 0.000157531
 Mesh Index (4, 8, 5)
   Total Material
     Flux                                 0.0094017 +/- 0.000309612
 Mesh Index (5, 8, 5)
   Total Material
     Flux                                 0.0119666 +/- 0.000227
 Mesh Index (6, 8, 5)
   Total Material
     Flux                                 0.0120615 +/- 0.000368385
 Mesh Index (7, 8, 5)
   Total Material
     Flux                                 0.0092642 +/- 0.000267855
 Mesh Index (8, 8, 5)
   Total Material
     Flux                                 0.00601078 +/- 0.000168258
 Mesh Index (9, 8, 5)
   Total Material
     Flux                                 0.00412996 +/- 0.000187745
 Mesh Index (10, 8, 5)
   Total Material
     Flux                                 0.00311145 +/- 0.000155153
 Mesh Index (11, 8, 5)
   Total Material
     Flux                                 0.00195696 +/- 0.000115136
 Mesh Index (12, 8, 5)
   Total Material
     Flux                                 0.00134877 +/- 8.24486e-05
 Mesh Index (13, 8, 5)
   Total Material
     Flux                                 0.00117687 +/- 5.33105e-05
 Mesh Index (14, 8, 5)
   Total Material
     Flux                                 0.000999897 +/- 5.74234e-05
 Mesh Index (15, 8, 5)
   Total Material
     Flux                                 0.000810368 +/- 7.8501e-05
 Mesh Index (16, 8, 5)
   Total Material
     Flux                                 0.000618584 +/- 9.41221e-05
 Mesh Index (17, 8, 5)
   Total Material
     Flux                                 0.000514072 +/- 7.03682e-05
 Mesh Index (18, 8, 5)
   Total Material
     Flux                                 0.000468303 +/- 7.74392e-05
 Mesh Index (19, 8, 5)
   Total Material
     Flux                                 0.0004225 +/- 7.1189e-05
 Mesh Index (20, 8, 5)
   Total Material
     Flux                                 0.000390057 +/- 6.55877e-05
 Mesh Index (1, 9, 5)
   Total Material
     Flux                                 0.00256252 +/- 0.000134775
 Mesh Index (2, 9, 5)
   Total Material
     Flux                                 0.00313236 +/- 0.000135149
 Mesh Index (3, 9, 5)
   Total Material
     Flux                                 0.00404065 +/- 0.000206901
 Mesh Index (4, 9, 5)
   Total Material
     Flux                                 0.00559769 +/- 0.000229797
 Mesh Index (5, 9, 5)
   Total Material
     Flux                                 0.00625418 +/- 0.000191418
 Mesh Index (6, 9, 5)
   Total Material
     Flux                                 0.00634184 +/- 0.000260707
 Mesh Index (7, 9, 5)
   Total Material
     Flux                                 0.00526123 +/- 0.000122013
 Mesh Index (8, 9, 5)
   Total Material
     Flux                                 0.00454482 +/- 0.000247483
 Mesh Index (9, 9, 5)
   Total Material
     Flux                                 0.00299736 +/- 0.000178966
 Mesh Index (10, 9, 5)
   Total Material
     Flux                                 0.00219077 +/- 6.20525e-05
 Mesh Index (11, 9, 5)
   Total Material
     Flux                                 0.00190697 +/- 0.000141084
 Mesh Index (12, 9, 5)
   Total Material
     Flux                                 0.00163183 +/- 9.2143e-05
 Mesh Index (13, 9, 5)
   Total Material
     Flux                                 0.00104765 +/- 7.83718e-05
 Mesh Index (14, 9, 5)
   Total Material
     Flux                                 0.000688119 +/- 0.000100258
 Mesh Index (15, 9, 5)
   Total Material
     Flux                                 0.000646093 +/- 6.9198e-05
 Mesh Index (16, 9, 5)
   Total Material
     Flux                                 0.000704219 +/- 4.19447e-05
 Mesh Index (17, 9, 5)
   Total Material
     Flux                                 0.000632678 +/- 4.71244e-05
 Mesh Index (18, 9, 5)
   Total Material
     Flux                                 0.000492353 +/- 5.09404e-05
 Mesh Index (19, 9, 5)
   Total Material
     Flux                                 0.000338686 +/- 5.92584e-05
 Mesh Index (20, 9, 5)
   Total Material
     Flux                                 0.000278827 +/- 4.91283e-05
 Mesh Index (1, 10, 5)
   Total Material
     Flux                                 0.00196304 +/- 0.000131886
 Mesh Index (2, 10, 5)
   Total Material
     Flux                                 0.00227702 +/- 0.000125328
 Mesh Index (3, 10, 5)
   Total Material
     Flux                                 0.00300325 +/- 0.000191581
 Mesh Index (4, 10, 5)
   Total Material
     Flux                                 0.00358275 +/- 0.00016584
 Mesh Index (5, 10, 5)
   Total Material
     Flux                                 0.00392548 +/- 0.000160943
 Mesh Index (6, 10, 5)
   Total Material
     Flux                                 0.00397084 +/- 0.000216683
 Mesh Index (7, 10, 5)
   Total Material
     Flux                                 0.00340798 +/- 0.000106009
 Mesh Index (8, 10, 5)
   Total Material
     Flux                                 0.00294877 +/- 0.000115057
 Mesh Index (9, 10, 5)
   Total Material
     Flux                                 0.00257778 +/- 0.0001675
 Mesh Index (10, 10, 5)
   Total Material
     Flux                                 0.0018869 +/- 0.000133743
 Mesh Index (11, 10, 5)
   Total Material
     Flux                                 0.00145172 +/- 5.56764e-05
 Mesh Index (12, 10, 5)
   Total Material
     Flux                                 0.00121395 +/- 8.9732e-05
 Mesh Index (13, 10, 5)
   Total Material
     Flux                                 0.0011696 +/- 9.33991e-05
 Mesh Index (14, 10, 5)
   Total Material
     Flux                                 0.000946075 +/- 7.31922e-05
 Mesh Index (15, 10, 5)
   Total Material
     Flux                                 0.000647267 +/- 7.38152e-05
 Mesh Index (16, 10, 5)
   Total Material
     Flux                                 0.000456048 +/- 7.78936e-05
 Mesh Index (17, 10, 5)
   Total Material
     Flux                                 0.00037653 +/- 7.75072e-05
 Mesh Index (18, 10, 5)
   Total Material
     Flux                                 0.000434121 +/- 5.63087e-05
 Mesh Index (19, 10, 5)
   Total Material
     Flux                                 0.000457726 +/- 3.4309e-05
 Mesh Index (20, 10, 5)
   Total Material
     Flux                                 0.000426923 +/- 4.24473e-05
 Mesh Index (1, 1, 6)
   Total Material
     Flux                                 0.00213747 +/- 0.000125464
 Mesh Index (2, 1, 6)
   Total Material
     Flux                                 0.00242117 +/- 0.000147562
 Mesh Index (3, 1, 6)
   Total Material
     Flux                                 0.00281687 +/- 0.000102726
 Mesh Index (4, 1, 6)
   Total Material
     Flux                                 0.00369743 +/- 0.000190407
 Mesh Index (5, 1, 6)
   Total Material
     Flux                                 0.00384162 +/- 0.000207733
 Mesh Index (6, 1, 6)
   Total Material
     Flux                                 0.0039505 +/- 0.000172688
 Mesh Index (7, 1, 6)
   Total Material
     Flux                                 0.00347358 +/- 0.000109718
 Mesh Index (8, 1, 6)
   Total Material
     Flux                                 0.00289637 +/- 0.000232281
 Mesh Index (9, 1, 6)
   Total Material
     Flux                                 0.00230977 +/- 0.000153174
 Mesh Index (10, 1, 6)
   Total Material
     Flux                                 0.00200857 +/- 0.000151695
 Mesh Index (11, 1, 6)
   Total Material
     Flux                                 0.00158627 +/- 0.000186578
 Mesh Index (12, 1, 6)
   Total Material
     Flux                                 0.00118512 +/- 0.000102737
 Mesh Index (13, 1, 6)
   Total Material
     Flux                                 0.000970083 +/- 6.27239e-05
 Mesh Index (14, 1, 6)
   Total Material
     Flux                                 0.000839974 +/- 7.67815e-05
 Mesh Index (15, 1, 6)
   Total Material
     Flux                                 0.000712867 +/- 6.78303e-05
 Mesh Index (16, 1, 6)
   Total Material
     Flux                                 0.000655511 +/- 5.63415e-05
 Mesh Index (17, 1, 6)
   Total Material
     Flux                                 0.000665273 +/- 7.1398e-05
 Mesh Index (18, 1, 6)
   Total Material
     Flux                                 0.000577052 +/- 0.000104233
 Mesh Index (19, 1, 6)
   Total Material
     Flux                                 0.000417603 +/- 6.73011e-05
 Mesh Index (20, 1, 6)
   Total Material
     Flux                                 0.000323961 +/- 4.78232e-05
 Mesh Index (1, 2, 6)
   Total Material
     Flux                                 0.00263397 +/- 0.000121267
 Mesh Index (2, 2, 6)
   Total Material
     Flux                                 0.00343738 +/- 0.000186077
 Mesh Index (3, 2, 6)
   Total Material
     Flux                                 0.00414353 +/- 0.000240717
 Mesh Index (4, 2, 6)
   Total Material
     Flux                                 0.00560128 +/- 0.000152652
 Mesh Index (5, 2, 6)
   Total Material
     Flux                                 0.00624727 +/- 0.000199468
 Mesh Index (6, 2, 6)
   Total Material
     Flux                                 0.00621285 +/- 0.000274732
 Mesh Index (7, 2, 6)
   Total Material
     Flux                                 0.00532597 +/- 0.000161371
 Mesh Index (8, 2, 6)
   Total Material
     Flux                                 0.0039559 +/- 0.000241444
 Mesh Index (9, 2, 6)
   Total Material
     Flux                                 0.00330342 +/- 0.000238243
 Mesh Index (10, 2, 6)
   Total Material
     Flux                                 0.00238036 +/- 0.000193241
 Mesh Index (11, 2, 6)
   Total Material
     Flux                                 0.00169448 +/- 8.60082e-05
 Mesh Index (12, 2, 6)
   Total Material
     Flux                                 0.00139503 +/- 0.000109429
 Mesh Index (13, 2, 6)
   Total Material
     Flux                                 0.00112996 +/- 9.12872e-05
 Mesh Index (14, 2, 6)
   Total Material
     Flux                                 0.00105246 +/- 6.76135e-05
 Mesh Index (15, 2, 6)
   Total Material
     Flux                                 0.00094565 +/- 0.000112319
 Mesh Index (16, 2, 6)
   Total Material
     Flux                                 0.000717566 +/- 0.000127133
 Mesh Index (17, 2, 6)
   Total Material
     Flux                                 0.000562802 +/- 0.00010403
 Mesh Index (18, 2, 6)
   Total Material
     Flux                                 0.000451998 +/- 7.82725e-05
 Mesh Index (19, 2, 6)
   Total Material
     Flux                                 0.000376835 +/- 5.81601e-05
 Mesh Index (20, 2, 6)
   Total Material
     Flux                                 0.000356423 +/- 6.80254e-05
 Mesh Index (1, 3, 6)
   Total Material
     Flux                                 0.00319025 +/- 0.000204182
 Mesh Index (2, 3, 6)
   Total Material
     Flux                                 0.00460974 +/- 0.000167616
 Mesh Index (3, 3, 6)
   Total Material
     Flux                                 0.00659709 +/- 0.000295803
 Mesh Index (4, 3, 6)
   Total Material
     Flux                                 0.00918506 +/- 0.000222231
 Mesh Index (5, 3, 6)
   Total Material
     Flux                                 0.0118476 +/- 0.000274393
 Mesh Index (6, 3, 6)
   Total Material
     Flux                                 0.0118502 +/- 0.000324217
 Mesh Index (7, 3, 6)
   Total Material
     Flux                                 0.00915401 +/- 0.000398995
 Mesh Index (8, 3, 6)
   Total Material
     Flux                                 0.00610881 +/- 0.000335424
 Mesh Index (9, 3, 6)
   Total Material
     Flux                                 0.00396693 +/- 0.000156026
 Mesh Index (10, 3, 6)
   Total Material
     Flux                                 0.00268037 +/- 0.000180518
 Mesh Index (11, 3, 6)
   Total Material
     Flux                                 0.00214668 +/- 0.000115488
 Mesh Index (12, 3, 6)
   Total Material
     Flux                                 0.00177967 +/- 0.000114025
 Mesh Index (13, 3, 6)
   Total Material
     Flux                                 0.00142523 +/- 0.000149663
 Mesh Index (14, 3, 6)
   Total Material
     Flux                                 0.000976439 +/- 0.000114979
 Mesh Index (15, 3, 6)
   Total Material
     Flux                                 0.000794044 +/- 9.3423e-05
 Mesh Index (16, 3, 6)
   Total Material
     Flux                                 0.000693461 +/- 8.62315e-05
 Mesh Index (17, 3, 6)
   Total Material
     Flux                                 0.000534529 +/- 8.78153e-05
 Mesh Index (18, 3, 6)
   Total Material
     Flux                                 0.000489327 +/- 7.05432e-05
 Mesh Index (19, 3, 6)
   Total Material
     Flux                                 0.00042537 +/- 6.18667e-05
 Mesh Index (20, 3, 6)
   Total Material
     Flux                                 0.000357427 +/- 4.24173e-05
 Mesh Index (1, 4, 6)
   Total Material
     Flux                                 0.00328943 +/- 0.000268864
 Mesh Index (2, 4, 6)
   Total Material
     Flux                                 0.00537287 +/- 0.000308888
 Mesh Index (3, 4, 6)
   Total Material
     Flux                                 0.00956198 +/- 0.000263579
 Mesh Index (4, 4, 6)
   Total Material
     Flux                                 0.0175155 +/- 0.000529178
 Mesh Index (5, 4, 6)
   Total Material
     Flux                                 0.0300557 +/- 0.000251291
 Mesh Index (6, 4, 6)
   Total Material
     Flux                                 0.0294844 +/- 0.000545718
 Mesh Index (7, 4, 6)
   Total Material
     Flux                                 0.0166672 +/- 0.000540615
 Mesh Index (8, 4, 6)
   Total Material
     Flux                                 0.00903574 +/- 0.00016462
 Mesh Index (9, 4, 6)
   Total Material
     Flux                                 0.00554809 +/- 0.000227635
 Mesh Index (10, 4, 6)
   Total Material
     Flux                                 0.00386368 +/- 0.000203473
 Mesh Index (11, 4, 6)
   Total Material
     Flux                                 0.00267556 +/- 0.000168346
 Mesh Index (12, 4, 6)
   Total Material
     Flux                                 0.00181129 +/- 0.000166231
 Mesh Index (13, 4, 6)
   Total Material
     Flux                                 0.00135377 +/- 0.000132269
 Mesh Index (14, 4, 6)
   Total Material
     Flux                                 0.00113116 +/- 9.33039e-05
 Mesh Index (15, 4, 6)
   Total Material
     Flux                                 0.000944084 +/- 7.0555e-05
 Mesh Index (16, 4, 6)
   Total Material
     Flux                                 0.00075188 +/- 6.22485e-05
 Mesh Index (17, 4, 6)
   Total Material
     Flux                                 0.000685103 +/- 6.1532e-05
 Mesh Index (18, 4, 6)
   Total Material
     Flux                                 0.000577277 +/- 6.89959e-05
 Mesh Index (19, 4, 6)
   Total Material
     Flux                                 0.000484922 +/- 7.65347e-05
 Mesh Index (20, 4, 6)
   Total Material
     Flux                                 0.000390088 +/- 7.6883e-05
 Mesh Index (1, 5, 6)
   Total Material
     Flux                                 0.00399979 +/- 0.000246194
 Mesh Index (2, 5, 6)
   Total Material
     Flux                                 0.00647821 +/- 0.00027876
 Mesh Index (3, 5, 6)
   Total Material
     Flux                                 0.0119656 +/- 0.000410721
 Mesh Index (4, 5, 6)
   Total Material
     Flux                                 0.0303947 +/- 0.000493324
 Mesh Index (5, 5, 6)
   Total Material
     Flux                                 0.153505 +/- 0.001388
 Mesh Index (6, 5, 6)
   Total Material
     Flux                                 0.151213 +/- 0.00100831
 Mesh Index (7, 5, 6)
   Total Material
     Flux                                 0.0304841 +/- 0.000637723
 Mesh Index (8, 5, 6)
   Total Material
     Flux                                 0.0125258 +/- 0.000434157
 Mesh Index (9, 5, 6)
   Total Material
     Flux                                 0.00651721 +/- 0.000293339
 Mesh Index (10, 5, 6)
   Total Material
     Flux                                 0.00390805 +/- 0.000196853
 Mesh Index (11, 5, 6)
   Total Material
     Flux                                 0.00257082 +/- 0.000189896
 Mesh Index (12, 5, 6)
   Total Material
     Flux                                 0.00185701 +/- 0.00015514
 Mesh Index (13, 5, 6)
   Total Material
     Flux                                 0.00138978 +/- 0.000127171
 Mesh Index (14, 5, 6)
   Total Material
     Flux                                 0.00102993 +/- 0.000119305
 Mesh Index (15, 5, 6)
   Total Material
     Flux                                 0.000810944 +/- 0.000100559
 Mesh Index (16, 5, 6)
   Total Material
     Flux                                 0.000654125 +/- 8.21332e-05
 Mesh Index (17, 5, 6)
   Total Material
     Flux                                 0.000542299 +/- 6.16162e-05
 Mesh Index (18, 5, 6)
   Total Material
     Flux                                 0.000394965 +/- 2.94958e-05
 Mesh Index (19, 5, 6)
   Total Material
     Flux                                 0.000349655 +/- 2.93559e-05
 Mesh Index (20, 5, 6)
   Total Material
     Flux                                 0.0003037 +/- 3.64729e-05
 Mesh Index (1, 6, 6)
   Total Material
     Flux                                 0.00371997 +/- 0.000213159
 Mesh Index (2, 6, 6)
   Total Material
     Flux                                 0.00600248 +/- 0.000245497
 Mesh Index (3, 6, 6)
   Total Material
     Flux                                 0.01147 +/- 0.000391848
 Mesh Index (4, 6, 6)
   Total Material
     Flux                                 0.0291155 +/- 0.000448473
 Mesh Index (5, 6, 6)
   Total Material
     Flux                                 0.151743 +/- 0.00130335
 Mesh Index (6, 6, 6)
   Total Material
     Flux                                 0.153496 +/- 0.00101497
 Mesh Index (7, 6, 6)
   Total Material
     Flux                                 0.0299922 +/- 0.000407447
 Mesh Index (8, 6, 6)
   Total Material
     Flux                                 0.0121721 +/- 0.000376379
 Mesh Index (9, 6, 6)
   Total Material
     Flux                                 0.0062538 +/- 0.000293744
 Mesh Index (10, 6, 6)
   Total Material
     Flux                                 0.0038274 +/- 0.000234484
 Mesh Index (11, 6, 6)
   Total Material
     Flux                                 0.00256966 +/- 0.000165789
 Mesh Index (12, 6, 6)
   Total Material
     Flux                                 0.00187796 +/- 0.000108846
 Mesh Index (13, 6, 6)
   Total Material
     Flux                                 0.00138309 +/- 9.08312e-05
 Mesh Index (14, 6, 6)
   Total Material
     Flux                                 0.00105322 +/- 9.32384e-05
 Mesh Index (15, 6, 6)
   Total Material
     Flux                                 0.000804526 +/- 5.81609e-05
 Mesh Index (16, 6, 6)
   Total Material
     Flux                                 0.000696679 +/- 5.05805e-05
 Mesh Index (17, 6, 6)
   Total Material
     Flux                                 0.000607131 +/- 4.92846e-05
 Mesh Index (18, 6, 6)
   Total Material
     Flux                                 0.000521897 +/- 4.85192e-05
 Mesh Index (19, 6, 6)
   Total Material
     Flux                                 0.000468077 +/- 4.96438e-05
 Mesh Index (20, 6, 6)
   Total Material
     Flux                                 0.000410538 +/- 5.79591e-05
 Mesh Index (1, 7, 6)
   Total Material
     Flux                                 0.00360014 +/- 0.000140718
 Mesh Index (2, 7, 6)
   Total Material
     Flux                                 0.00544241 +/- 0.000180238
 Mesh Index (3, 7, 6)
   Total Material
     Flux                                 0.00926753 +/- 0.000218051
 Mesh Index (4, 7, 6)
   Total Material
     Flux                                 0.0173026 +/- 0.000450283
 Mesh Index (5, 7, 6)
   Total Material
     Flux                                 0.0298716 +/- 0.000706959
 Mesh Index (6, 7, 6)
   Total Material
     Flux                                 0.029838 +/- 0.000475393
 Mesh Index (7, 7, 6)
   Total Material
     Flux                                 0.0173912 +/- 0.000241293
 Mesh Index (8, 7, 6)
   Total Material
     Flux                                 0.00885582 +/- 0.000173526
 Mesh Index (9, 7, 6)
   Total Material
     Flux                                 0.00529815 +/- 0.000145909
 Mesh Index (10, 7, 6)
   Total Material
     Flux                                 0.00354812 +/- 0.000172782
 Mesh Index (11, 7, 6)
   Total Material
     Flux                                 0.0023931 +/- 0.000150665
 Mesh Index (12, 7, 6)
   Total Material
     Flux                                 0.00165996 +/- 0.000132615
 Mesh Index (13, 7, 6)
   Total Material
     Flux                                 0.00129424 +/- 0.000111982
 Mesh Index (14, 7, 6)
   Total Material
     Flux                                 0.000936951 +/- 8.89483e-05
 Mesh Index (15, 7, 6)
   Total Material
     Flux                                 0.000732673 +/- 0.000100891
 Mesh Index (16, 7, 6)
   Total Material
     Flux                                 0.000630834 +/- 0.000108618
 Mesh Index (17, 7, 6)
   Total Material
     Flux                                 0.000549876 +/- 8.80407e-05
 Mesh Index (18, 7, 6)
   Total Material
     Flux                                 0.000483294 +/- 8.21238e-05
 Mesh Index (19, 7, 6)
   Total Material
     Flux                                 0.000422377 +/- 8.24059e-05
 Mesh Index (20, 7, 6)
   Total Material
     Flux                                 0.000375325 +/- 7.79655e-05
 Mesh Index (1, 8, 6)
   Total Material
     Flux                                 0.003082 +/- 0.000131756
 Mesh Index (2, 8, 6)
   Total Material
     Flux                                 0.00435744 +/- 0.000263866
 Mesh Index (3, 8, 6)
   Total Material
     Flux                                 0.00646078 +/- 0.000257862
 Mesh Index (4, 8, 6)
   Total Material
     Flux                                 0.00884048 +/- 0.000272594
 Mesh Index (5, 8, 6)
   Total Material
     Flux                                 0.0123175 +/- 0.000356814
 Mesh Index (6, 8, 6)
   Total Material
     Flux                                 0.0119831 +/- 0.000317138
 Mesh Index (7, 8, 6)
   Total Material
     Flux                                 0.00910376 +/- 0.000217526
 Mesh Index (8, 8, 6)
   Total Material
     Flux                                 0.00656809 +/- 0.000277011
 Mesh Index (9, 8, 6)
   Total Material
     Flux                                 0.00423472 +/- 0.000132888
 Mesh Index (10, 8, 6)
   Total Material
     Flux                                 0.00287865 +/- 0.000178798
 Mesh Index (11, 8, 6)
   Total Material
     Flux                                 0.00198859 +/- 0.000109519
 Mesh Index (12, 8, 6)
   Total Material
     Flux                                 0.0016158 +/- 8.78317e-05
 Mesh Index (13, 8, 6)
   Total Material
     Flux                                 0.00131686 +/- 0.000109433
 Mesh Index (14, 8, 6)
   Total Material
     Flux                                 0.00110377 +/- 0.000106987
 Mesh Index (15, 8, 6)
   Total Material
     Flux                                 0.000896316 +/- 9.2959e-05
 Mesh Index (16, 8, 6)
   Total Material
     Flux                                 0.00070855 +/- 6.12116e-05
 Mesh Index (17, 8, 6)
   Total Material
     Flux                                 0.000534365 +/- 5.83809e-05
 Mesh Index (18, 8, 6)
   Total Material
     Flux                                 0.000405564 +/- 5.6962e-05
 Mesh Index (19, 8, 6)
   Total Material
     Flux                                 0.000349441 +/- 5.66965e-05
 Mesh Index (20, 8, 6)
   Total Material
     Flux                                 0.000325161 +/- 5.37031e-05
 Mesh Index (1, 9, 6)
   Total Material
     Flux                                 0.00236962 +/- 0.00015157
 Mesh Index (2, 9, 6)
   Total Material
     Flux                                 0.00335646 +/- 0.000157894
 Mesh Index (3, 9, 6)
   Total Material
     Flux                                 0.00415757 +/- 0.000213003
 Mesh Index (4, 9, 6)
   Total Material
     Flux                                 0.00544194 +/- 0.000224222
 Mesh Index (5, 9, 6)
   Total Material
     Flux                                 0.00614443 +/- 0.000217408
 Mesh Index (6, 9, 6)
   Total Material
     Flux                                 0.00635487 +/- 0.000235086
 Mesh Index (7, 9, 6)
   Total Material
     Flux                                 0.00539449 +/- 0.000221863
 Mesh Index (8, 9, 6)
   Total Material
     Flux                                 0.00456109 +/- 0.00016859
 Mesh Index (9, 9, 6)
   Total Material
     Flux                                 0.00323874 +/- 0.000231137
 Mesh Index (10, 9, 6)
   Total Material
     Flux                                 0.0024192 +/- 0.000113245
 Mesh Index (11, 9, 6)
   Total Material
     Flux                                 0.00176949 +/- 0.000111061
 Mesh Index (12, 9, 6)
   Total Material
     Flux                                 0.00145008 +/- 0.000125402
 Mesh Index (13, 9, 6)
   Total Material
     Flux                                 0.00110131 +/- 8.04307e-05
 Mesh Index (14, 9, 6)
   Total Material
     Flux                                 0.000927723 +/- 6.43815e-05
 Mesh Index (15, 9, 6)
   Total Material
     Flux                                 0.000840764 +/- 6.23192e-05
 Mesh Index (16, 9, 6)
   Total Material
     Flux                                 0.000720193 +/- 6.58667e-05
 Mesh Index (17, 9, 6)
   Total Material
     Flux                                 0.000596228 +/- 6.22603e-05
 Mesh Index (18, 9, 6)
   Total Material
     Flux                                 0.000562115 +/- 6.85231e-05
 Mesh Index (19, 9, 6)
   Total Material
     Flux                                 0.000512305 +/- 6.13926e-05
 Mesh Index (20, 9, 6)
   Total Material
     Flux                                 0.000423053 +/- 5.98799e-05
 Mesh Index (1, 10, 6)
   Total Material
     Flux                                 0.00200566 +/- 0.00014002
 Mesh Index (2, 10, 6)
   Total Material
     Flux                                 0.00232932 +/- 0.000126366
 Mesh Index (3, 10, 6)
   Total Material
     Flux                                 0.00278723 +/- 0.000157625
 Mesh Index (4, 10, 6)
   Total Material
     Flux                                 0.00354269 +/- 0.00019748
 Mesh Index (5, 10, 6)
   Total Material
     Flux                                 0.00371437 +/- 0.000172983
 Mesh Index (6, 10, 6)
   Total Material
     Flux                                 0.00393065 +/- 0.000136333
 Mesh Index (7, 10, 6)
   Total Material
     Flux                                 0.00348983 +/- 0.00019332
 Mesh Index (8, 10, 6)
   Total Material
     Flux                                 0.0030162 +/- 0.000122516
 Mesh Index (9, 10, 6)
   Total Material
     Flux                                 0.00263648 +/- 0.000140403
 Mesh Index (10, 10, 6)
   Total Material
     Flux                                 0.00189882 +/- 0.000171815
 Mesh Index (11, 10, 6)
   Total Material
     Flux                                 0.00165235 +/- 0.000131204
 Mesh Index (12, 10, 6)
   Total Material
     Flux                                 0.00118748 +/- 7.95518e-05
 Mesh Index (13, 10, 6)
   Total Material
     Flux                                 0.0010257 +/- 0.000101339
 Mesh Index (14, 10, 6)
   Total Material
     Flux                                 0.000805187 +/- 0.000103165
 Mesh Index (15, 10, 6)
   Total Material
     Flux                                 0.000612681 +/- 6.43895e-05
 Mesh Index (16, 10, 6)
   Total Material
     Flux                                 0.000537288 +/- 4.68542e-05
 Mesh Index (17, 10, 6)
   Total Material
     Flux                                 0.00057756 +/- 5.102e-05
 Mesh Index (18, 10, 6)
   Total Material
     Flux                                 0.000532886 +/- 6.40183e-05
 Mesh Index (19, 10, 6)
   Total Material
     Flux                                 0.000482689 +/- 4.32376e-05
 Mesh Index (20, 10, 6)
   Total Material
     Flux                                 0.000385809 +/- 4.89261e-05
 Mesh Index (1, 1, 7)
   Total Material
     Flux                                 0.00190099 +/- 0.000153387
 Mesh Index (2, 1, 7)
   Total Material
     Flux                                 0.00241167 +/- 0.000185994
 Mesh Index (3, 1, 7)
   Total Material
     Flux                                 0.00290915 +/- 0.00014857
 Mesh Index (4, 1, 7)
   Total Material
     Flux                                 0.00319283 +/- 0.00011791
 Mesh Index (5, 1, 7)
   Total Material
     Flux                                 0.00333664 +/- 0.000227204
 Mesh Index (6, 1, 7)
   Total Material
     Flux                                 0.00346386 +/- 0.000239403
 Mesh Index (7, 1, 7)
   Total Material
     Flux                                 0.00315178 +/- 0.000171282
 Mesh Index (8, 1, 7)
   Total Material
     Flux                                 0.00302969 +/- 0.000153278
 Mesh Index (9, 1, 7)
   Total Material
     Flux                                 0.00220876 +/- 0.000164327
 Mesh Index (10, 1, 7)
   Total Material
     Flux                                 0.00159413 +/- 0.000123576
 Mesh Index (11, 1, 7)
   Total Material
     Flux                                 0.00160006 +/- 7.76801e-05
 Mesh Index (12, 1, 7)
   Total Material
     Flux                                 0.000979949 +/- 5.38114e-05
 Mesh Index (13, 1, 7)
   Total Material
     Flux                                 0.000873581 +/- 0.000108435
 Mesh Index (14, 1, 7)
   Total Material
     Flux                                 0.000730022 +/- 9.72268e-05
 Mesh Index (15, 1, 7)
   Total Material
     Flux                                 0.000562848 +/- 7.75673e-05
 Mesh Index (16, 1, 7)
   Total Material
     Flux                                 0.000520827 +/- 5.4133e-05
 Mesh Index (17, 1, 7)
   Total Material
     Flux                                 0.000457204 +/- 3.49756e-05
 Mesh Index (18, 1, 7)
   Total Material
     Flux                                 0.000468464 +/- 5.14562e-05
 Mesh Index (19, 1, 7)
   Total Material
     Flux                                 0.000466945 +/- 4.57715e-05
 Mesh Index (20, 1, 7)
   Total Material
     Flux                                 0.000416537 +/- 6.03305e-05
 Mesh Index (1, 2, 7)
   Total Material
     Flux                                 0.00223839 +/- 0.000169952
 Mesh Index (2, 2, 7)
   Total Material
     Flux                                 0.00303957 +/- 0.000243747
 Mesh Index (3, 2, 7)
   Total Material
     Flux                                 0.00397844 +/- 0.000278487
 Mesh Index (4, 2, 7)
   Total Material
     Flux                                 0.00471115 +/- 0.000121907
 Mesh Index (5, 2, 7)
   Total Material
     Flux                                 0.00527896 +/- 0.000182289
 Mesh Index (6, 2, 7)
   Total Material
     Flux                                 0.00540256 +/- 0.000243855
 Mesh Index (7, 2, 7)
   Total Material
     Flux                                 0.00492732 +/- 0.000250022
 Mesh Index (8, 2, 7)
   Total Material
     Flux                                 0.00386451 +/- 0.000215001
 Mesh Index (9, 2, 7)
   Total Material
     Flux                                 0.00277223 +/- 0.000161023
 Mesh Index (10, 2, 7)
   Total Material
     Flux                                 0.00227078 +/- 0.000100167
 Mesh Index (11, 2, 7)
   Total Material
     Flux                                 0.00164794 +/- 8.9971e-05
 Mesh Index (12, 2, 7)
   Total Material
     Flux                                 0.00130896 +/- 5.21376e-05
 Mesh Index (13, 2, 7)
   Total Material
     Flux                                 0.000964953 +/- 6.62417e-05
 Mesh Index (14, 2, 7)
   Total Material
     Flux                                 0.000814513 +/- 4.02829e-05
 Mesh Index (15, 2, 7)
   Total Material
     Flux                                 0.000779812 +/- 8.32988e-05
 Mesh Index (16, 2, 7)
   Total Material
     Flux                                 0.000701399 +/- 8.65087e-05
 Mesh Index (17, 2, 7)
   Total Material
     Flux                                 0.000621551 +/- 7.52818e-05
 Mesh Index (18, 2, 7)
   Total Material
     Flux                                 0.000535725 +/- 6.27686e-05
 Mesh Index (19, 2, 7)
   Total Material
     Flux                                 0.000451726 +/- 7.2153e-05
 Mesh Index (20, 2, 7)
   Total Material
     Flux                                 0.000364131 +/- 7.40467e-05
 Mesh Index (1, 3, 7)
   Total Material
     Flux                                 0.00289339 +/- 0.000126668
 Mesh Index (2, 3, 7)
   Total Material
     Flux                                 0.00353665 +/- 0.000136486
 Mesh Index (3, 3, 7)
   Total Material
     Flux                                 0.00568855 +/- 0.000239491
 Mesh Index (4, 3, 7)
   Total Material
     Flux                                 0.00759547 +/- 0.00023871
 Mesh Index (5, 3, 7)
   Total Material
     Flux                                 0.00964461 +/- 0.000294459
 Mesh Index (6, 3, 7)
   Total Material
     Flux                                 0.00889805 +/- 0.000257269
 Mesh Index (7, 3, 7)
   Total Material
     Flux                                 0.00719775 +/- 0.000239981
 Mesh Index (8, 3, 7)
   Total Material
     Flux                                 0.00544149 +/- 0.000180884
 Mesh Index (9, 3, 7)
   Total Material
     Flux                                 0.00392113 +/- 0.000162817
 Mesh Index (10, 3, 7)
   Total Material
     Flux                                 0.00298618 +/- 0.000130509
 Mesh Index (11, 3, 7)
   Total Material
     Flux                                 0.00226468 +/- 0.000119166
 Mesh Index (12, 3, 7)
   Total Material
     Flux                                 0.00166842 +/- 0.000119876
 Mesh Index (13, 3, 7)
   Total Material
     Flux                                 0.00142396 +/- 8.34331e-05
 Mesh Index (14, 3, 7)
   Total Material
     Flux                                 0.00133633 +/- 0.000113126
 Mesh Index (15, 3, 7)
   Total Material
     Flux                                 0.00102812 +/- 0.000101455
 Mesh Index (16, 3, 7)
   Total Material
     Flux                                 0.000869177 +/- 9.54635e-05
 Mesh Index (17, 3, 7)
   Total Material
     Flux                                 0.000650625 +/- 5.94141e-05
 Mesh Index (18, 3, 7)
   Total Material
     Flux                                 0.000482182 +/- 5.02487e-05
 Mesh Index (19, 3, 7)
   Total Material
     Flux                                 0.000409421 +/- 5.17856e-05
 Mesh Index (20, 3, 7)
   Total Material
     Flux                                 0.000349626 +/- 5.03885e-05
 Mesh Index (1, 4, 7)
   Total Material
     Flux                                 0.00323934 +/- 0.000159403
 Mesh Index (2, 4, 7)
   Total Material
     Flux                                 0.00484914 +/- 0.000233852
 Mesh Index (3, 4, 7)
   Total Material
     Flux                                 0.00716489 +/- 0.000212404
 Mesh Index (4, 4, 7)
   Total Material
     Flux                                 0.0116865 +/- 0.000338308
 Mesh Index (5, 4, 7)
   Total Material
     Flux                                 0.0174563 +/- 0.000248913
 Mesh Index (6, 4, 7)
   Total Material
     Flux                                 0.0162375 +/- 0.000393213
 Mesh Index (7, 4, 7)
   Total Material
     Flux                                 0.0116523 +/- 0.000130716
 Mesh Index (8, 4, 7)
   Total Material
     Flux                                 0.00753796 +/- 0.000240897
 Mesh Index (9, 4, 7)
   Total Material
     Flux                                 0.00507951 +/- 0.000176631
 Mesh Index (10, 4, 7)
   Total Material
     Flux                                 0.00356483 +/- 0.00010209
 Mesh Index (11, 4, 7)
   Total Material
     Flux                                 0.00245396 +/- 0.000161117
 Mesh Index (12, 4, 7)
   Total Material
     Flux                                 0.00187026 +/- 0.000146309
 Mesh Index (13, 4, 7)
   Total Material
     Flux                                 0.0014108 +/- 6.91599e-05
 Mesh Index (14, 4, 7)
   Total Material
     Flux                                 0.0010256 +/- 8.19881e-05
 Mesh Index (15, 4, 7)
   Total Material
     Flux                                 0.000812997 +/- 7.3296e-05
 Mesh Index (16, 4, 7)
   Total Material
     Flux                                 0.000708075 +/- 0.000102864
 Mesh Index (17, 4, 7)
   Total Material
     Flux                                 0.00058316 +/- 0.000100088
 Mesh Index (18, 4, 7)
   Total Material
     Flux                                 0.000521193 +/- 6.68255e-05
 Mesh Index (19, 4, 7)
   Total Material
     Flux                                 0.000439301 +/- 5.3705e-05
 Mesh Index (20, 4, 7)
   Total Material
     Flux                                 0.000415194 +/- 5.59751e-05
 Mesh Index (1, 5, 7)
   Total Material
     Flux                                 0.00359977 +/- 0.000161424
 Mesh Index (2, 5, 7)
   Total Material
     Flux                                 0.0058135 +/- 0.000158537
 Mesh Index (3, 5, 7)
   Total Material
     Flux                                 0.00958323 +/- 0.000267918
 Mesh Index (4, 5, 7)
   Total Material
     Flux                                 0.017027 +/- 0.000362101
 Mesh Index (5, 5, 7)
   Total Material
     Flux                                 0.0293696 +/- 0.000534106
 Mesh Index (6, 5, 7)
   Total Material
     Flux                                 0.0292313 +/- 0.000544561
 Mesh Index (7, 5, 7)
   Total Material
     Flux                                 0.0174566 +/- 0.000453933
 Mesh Index (8, 5, 7)
   Total Material
     Flux                                 0.00928731 +/- 0.000354295
 Mesh Index (9, 5, 7)
   Total Material
     Flux                                 0.00543647 +/- 0.000302275
 Mesh Index (10, 5, 7)
   Total Material
     Flux                                 0.00353955 +/- 0.000161037
 Mesh Index (11, 5, 7)
   Total Material
     Flux                                 0.00247524 +/- 0.000124752
 Mesh Index (12, 5, 7)
   Total Material
     Flux                                 0.00186685 +/- 0.000109851
 Mesh Index (13, 5, 7)
   Total Material
     Flux                                 0.00147465 +/- 9.9548e-05
 Mesh Index (14, 5, 7)
   Total Material
     Flux                                 0.00118138 +/- 8.92934e-05
 Mesh Index (15, 5, 7)
   Total Material
     Flux                                 0.000879997 +/- 9.56182e-05
 Mesh Index (16, 5, 7)
   Total Material
     Flux                                 0.000673244 +/- 8.60959e-05
 Mesh Index (17, 5, 7)
   Total Material
     Flux                                 0.000543748 +/- 9.02278e-05
 Mesh Index (18, 5, 7)
   Total Material
     Flux                                 0.000507999 +/- 7.95312e-05
 Mesh Index (19, 5, 7)
   Total Material
     Flux                                 0.000438701 +/- 5.7412e-05
 Mesh Index (20, 5, 7)
   Total Material
     Flux                                 0.000384413 +/- 4.97763e-05
 Mesh Index (1, 6, 7)
   Total Material
     Flux                                 0.00332511 +/- 0.000117217
 Mesh Index (2, 6, 7)
   Total Material
     Flux                                 0.00515942 +/- 0.000194661
 Mesh Index (3, 6, 7)
   Total Material
     Flux                                 0.00878609 +/- 0.000306009
 Mesh Index (4, 6, 7)
   Total Material
     Flux                                 0.0166571 +/- 0.000381022
 Mesh Index (5, 6, 7)
   Total Material
     Flux                                 0.0299887 +/- 0.000642738
 Mesh Index (6, 6, 7)
   Total Material
     Flux                                 0.029959 +/- 0.000405678
 Mesh Index (7, 6, 7)
   Total Material
     Flux                                 0.0171342 +/- 0.000406785
 Mesh Index (8, 6, 7)
   Total Material
     Flux                                 0.00956592 +/- 0.000266421
 Mesh Index (9, 6, 7)
   Total Material
     Flux                                 0.00573593 +/- 0.000154697
 Mesh Index (10, 6, 7)
   Total Material
     Flux                                 0.0035098 +/- 0.000136525
 Mesh Index (11, 6, 7)
   Total Material
     Flux                                 0.00245463 +/- 9.0106e-05
 Mesh Index (12, 6, 7)
   Total Material
     Flux                                 0.00182478 +/- 8.52838e-05
 Mesh Index (13, 6, 7)
   Total Material
     Flux                                 0.00143847 +/- 0.000102259
 Mesh Index (14, 6, 7)
   Total Material
     Flux                                 0.00113243 +/- 7.90835e-05
 Mesh Index (15, 6, 7)
   Total Material
     Flux                                 0.000983504 +/- 4.94206e-05
 Mesh Index (16, 6, 7)
   Total Material
     Flux                                 0.000783666 +/- 6.4269e-05
 Mesh Index (17, 6, 7)
   Total Material
     Flux                                 0.000670152 +/- 6.39777e-05
 Mesh Index (18, 6, 7)
   Total Material
     Flux                                 0.000520948 +/- 7.37132e-05
 Mesh Index (19, 6, 7)
   Total Material
     Flux                                 0.000480458 +/- 7.75562e-05
 Mesh Index (20, 6, 7)
   Total Material
     Flux                                 0.000414228 +/- 8.33925e-05
 Mesh Index (1, 7, 7)
   Total Material
     Flux                                 0.0028978 +/- 0.000223594
 Mesh Index (2, 7, 7)
   Total Material
     Flux                                 0.00463894 +/- 0.000215105
 Mesh Index (3, 7, 7)
   Total Material
     Flux                                 0.00746419 +/- 0.000228805
 Mesh Index (4, 7, 7)
   Total Material
     Flux                                 0.0119223 +/- 0.000325541
 Mesh Index (5, 7, 7)
   Total Material
     Flux                                 0.0168849 +/- 0.000390531
 Mesh Index (6, 7, 7)
   Total Material
     Flux                                 0.0169844 +/- 0.000422504
 Mesh Index (7, 7, 7)
   Total Material
     Flux                                 0.012197 +/- 0.00027255
 Mesh Index (8, 7, 7)
   Total Material
     Flux                                 0.00723488 +/- 0.000356795
 Mesh Index (9, 7, 7)
   Total Material
     Flux                                 0.00486788 +/- 0.00022021
 Mesh Index (10, 7, 7)
   Total Material
     Flux                                 0.00354528 +/- 0.000192674
 Mesh Index (11, 7, 7)
   Total Material
     Flux                                 0.00249611 +/- 0.000140553
 Mesh Index (12, 7, 7)
   Total Material
     Flux                                 0.00174642 +/- 0.000134146
 Mesh Index (13, 7, 7)
   Total Material
     Flux                                 0.00128269 +/- 0.00013773
 Mesh Index (14, 7, 7)
   Total Material
     Flux                                 0.00111735 +/- 0.000154072
 Mesh Index (15, 7, 7)
   Total Material
     Flux                                 0.000894143 +/- 0.000148971
 Mesh Index (16, 7, 7)
   Total Material
     Flux                                 0.000675601 +/- 0.000123481
 Mesh Index (17, 7, 7)
   Total Material
     Flux                                 0.000525381 +/- 6.2723e-05
 Mesh Index (18, 7, 7)
   Total Material
     Flux                                 0.000489197 +/- 4.7186e-05
 Mesh Index (19, 7, 7)
   Total Material
     Flux                                 0.000369671 +/- 3.93314e-05
 Mesh Index (20, 7, 7)
   Total Material
     Flux                                 0.000282443 +/- 5.14502e-05
 Mesh Index (1, 8, 7)
   Total Material
     Flux                                 0.00264422 +/- 0.000158829
 Mesh Index (2, 8, 7)
   Total Material
     Flux                                 0.00410284 +/- 0.00015975
 Mesh Index (3, 8, 7)
   Total Material
     Flux                                 0.00540571 +/- 0.000247323
 Mesh Index (4, 8, 7)
   Total Material
     Flux                                 0.00738078 +/- 0.000290597
 Mesh Index (5, 8, 7)
   Total Material
     Flux                                 0.00895691 +/- 0.000291917
 Mesh Index (6, 8, 7)
   Total Material
     Flux                                 0.00902743 +/- 0.000267078
 Mesh Index (7, 8, 7)
   Total Material
     Flux                                 0.00785828 +/- 0.000248947
 Mesh Index (8, 8, 7)
   Total Material
     Flux                                 0.00564544 +/- 0.000260006
 Mesh Index (9, 8, 7)
   Total Material
     Flux                                 0.00367745 +/- 0.000286377
 Mesh Index (10, 8, 7)
   Total Material
     Flux                                 0.00260907 +/- 0.00013969
 Mesh Index (11, 8, 7)
   Total Material
     Flux                                 0.00199322 +/- 0.000108584
 Mesh Index (12, 8, 7)
   Total Material
     Flux                                 0.00155445 +/- 8.31686e-05
 Mesh Index (13, 8, 7)
   Total Material
     Flux                                 0.00126227 +/- 7.4399e-05
 Mesh Index (14, 8, 7)
   Total Material
     Flux                                 0.00102093 +/- 7.77535e-05
 Mesh Index (15, 8, 7)
   Total Material
     Flux                                 0.000794565 +/- 7.68984e-05
 Mesh Index (16, 8, 7)
   Total Material
     Flux                                 0.000591611 +/- 6.48489e-05
 Mesh Index (17, 8, 7)
   Total Material
     Flux                                 0.000476597 +/- 7.13191e-05
 Mesh Index (18, 8, 7)
   Total Material
     Flux                                 0.00040256 +/- 7.34408e-05
 Mesh Index (19, 8, 7)
   Total Material
     Flux                                 0.000341933 +/- 6.39055e-05
 Mesh Index (20, 8, 7)
   Total Material
     Flux                                 0.000314965 +/- 6.0434e-05
 Mesh Index (1, 9, 7)
   Total Material
     Flux                                 0.00254086 +/- 0.000123108
 Mesh Index (2, 9, 7)
   Total Material
     Flux                                 0.0031265 +/- 0.000256476
 Mesh Index (3, 9, 7)
   Total Material
     Flux                                 0.00363782 +/- 0.000122152
 Mesh Index (4, 9, 7)
   Total Material
     Flux                                 0.00511713 +/- 0.000235549
 Mesh Index (5, 9, 7)
   Total Material
     Flux                                 0.0055441 +/- 0.000205297
 Mesh Index (6, 9, 7)
   Total Material
     Flux                                 0.00513486 +/- 0.000197444
 Mesh Index (7, 9, 7)
   Total Material
     Flux                                 0.00481923 +/- 0.000223318
 Mesh Index (8, 9, 7)
   Total Material
     Flux                                 0.00372199 +/- 0.000133876
 Mesh Index (9, 9, 7)
   Total Material
     Flux                                 0.00313494 +/- 0.000228268
 Mesh Index (10, 9, 7)
   Total Material
     Flux                                 0.0022773 +/- 0.000116188
 Mesh Index (11, 9, 7)
   Total Material
     Flux                                 0.00177613 +/- 9.89082e-05
 Mesh Index (12, 9, 7)
   Total Material
     Flux                                 0.00130962 +/- 9.18015e-05
 Mesh Index (13, 9, 7)
   Total Material
     Flux                                 0.000985899 +/- 9.4164e-05
 Mesh Index (14, 9, 7)
   Total Material
     Flux                                 0.000759513 +/- 7.93482e-05
 Mesh Index (15, 9, 7)
   Total Material
     Flux                                 0.000752673 +/- 8.10747e-05
 Mesh Index (16, 9, 7)
   Total Material
     Flux                                 0.000632489 +/- 5.17636e-05
 Mesh Index (17, 9, 7)
   Total Material
     Flux                                 0.000526164 +/- 6.83571e-05
 Mesh Index (18, 9, 7)
   Total Material
     Flux                                 0.00042332 +/- 8.44625e-05
 Mesh Index (19, 9, 7)
   Total Material
     Flux                                 0.000322689 +/- 8.70131e-05
 Mesh Index (20, 9, 7)
   Total Material
     Flux                                 0.000321722 +/- 7.40669e-05
 Mesh Index (1, 10, 7)
   Total Material
     Flux                                 0.00189007 +/- 0.000144941
 Mesh Index (2, 10, 7)
   Total Material
     Flux                                 0.00228944 +/- 0.000112043
 Mesh Index (3, 10, 7)
   Total Material
     Flux                                 0.00267847 +/- 0.000109372
 Mesh Index (4, 10, 7)
   Total Material
     Flux                                 0.00359903 +/- 0.000169102
 Mesh Index (5, 10, 7)
   Total Material
     Flux                                 0.00366083 +/- 0.000192365
 Mesh Index (6, 10, 7)
   Total Material
     Flux                                 0.00332503 +/- 0.000140968
 Mesh Index (7, 10, 7)
   Total Material
     Flux                                 0.00327845 +/- 0.000163018
 Mesh Index (8, 10, 7)
   Total Material
     Flux                                 0.00256332 +/- 0.00013479
 Mesh Index (9, 10, 7)
   Total Material
     Flux                                 0.00226785 +/- 0.000167531
 Mesh Index (10, 10, 7)
   Total Material
     Flux                                 0.00206177 +/- 0.000187983
 Mesh Index (11, 10, 7)
   Total Material
     Flux                                 0.00162786 +/- 9.75588e-05
 Mesh Index (12, 10, 7)
   Total Material
     Flux                                 0.00124827 +/- 3.33551e-05
 Mesh Index (13, 10, 7)
   Total Material
     Flux                                 0.00102201 +/- 5.95206e-05
 Mesh Index (14, 10, 7)
   Total Material
     Flux                                 0.00086944 +/- 7.9895e-05
 Mesh Index (15, 10, 7)
   Total Material
     Flux                                 0.000635456 +/- 8.22253e-05
 Mesh Index (16, 10, 7)
   Total Material
     Flux                                 0.000480806 +/- 5.95508e-05
 Mesh Index (17, 10, 7)
   Total Material
     Flux                                 0.000441189 +/- 4.0275e-05
 Mesh Index (18, 10, 7)
   Total Material
     Flux                                 0.000397613 +/- 4.92667e-05
 Mesh Index (19, 10, 7)
   Total Material
     Flux                                 0.000361031 +/- 6.01058e-05
 Mesh Index (20, 10, 7)
   Total Material
     Flux                                 0.000288573 +/- 6.46262e-05
 Mesh Index (1, 1, 8)
   Total Material
     Flux                                 0.00173365 +/- 0.000147297
 Mesh Index (2, 1, 8)
   Total Material
     Flux                                 0.00220855 +/- 0.000147707
 Mesh Index (3, 1, 8)
   Total Material
     Flux                                 0.00250025 +/- 0.000131268
 Mesh Index (4, 1, 8)
   Total Material
     Flux                                 0.00261446 +/- 0.000170539
 Mesh Index (5, 1, 8)
   Total Material
     Flux                                 0.00311642 +/- 0.000170968
 Mesh Index (6, 1, 8)
   Total Material
     Flux                                 0.00290386 +/- 0.000137494
 Mesh Index (7, 1, 8)
   Total Material
     Flux                                 0.00265761 +/- 0.000197252
 Mesh Index (8, 1, 8)
   Total Material
     Flux                                 0.00234008 +/- 0.000123541
 Mesh Index (9, 1, 8)
   Total Material
     Flux                                 0.00199895 +/- 0.000102551
 Mesh Index (10, 1, 8)
   Total Material
     Flux                                 0.00179567 +/- 9.88514e-05
 Mesh Index (11, 1, 8)
   Total Material
     Flux                                 0.00138906 +/- 0.000137173
 Mesh Index (12, 1, 8)
   Total Material
     Flux                                 0.00117462 +/- 0.000107741
 Mesh Index (13, 1, 8)
   Total Material
     Flux                                 0.00103862 +/- 7.60585e-05
 Mesh Index (14, 1, 8)
   Total Material
     Flux                                 0.000915939 +/- 8.4211e-05
 Mesh Index (15, 1, 8)
   Total Material
     Flux                                 0.000635654 +/- 6.59975e-05
 Mesh Index (16, 1, 8)
   Total Material
     Flux                                 0.000599604 +/- 4.81555e-05
 Mesh Index (17, 1, 8)
   Total Material
     Flux                                 0.000533775 +/- 5.4078e-05
 Mesh Index (18, 1, 8)
   Total Material
     Flux                                 0.000539434 +/- 5.93722e-05
 Mesh Index (19, 1, 8)
   Total Material
     Flux                                 0.000471575 +/- 4.9795e-05
 Mesh Index (20, 1, 8)
   Total Material
     Flux                                 0.000440494 +/- 6.20505e-05
 Mesh Index (1, 2, 8)
   Total Material
     Flux                                 0.00194347 +/- 0.000143016
 Mesh Index (2, 2, 8)
   Total Material
     Flux                                 0.0028377 +/- 0.000102043
 Mesh Index (3, 2, 8)
   Total Material
     Flux                                 0.00324117 +/- 0.0001395
 Mesh Index (4, 2, 8)
   Total Material
     Flux                                 0.00402358 +/- 0.000178051
 Mesh Index (5, 2, 8)
   Total Material
     Flux                                 0.00486952 +/- 0.000162697
 Mesh Index (6, 2, 8)
   Total Material
     Flux                                 0.00415332 +/- 0.00018503
 Mesh Index (7, 2, 8)
   Total Material
     Flux                                 0.00362564 +/- 0.00011067
 Mesh Index (8, 2, 8)
   Total Material
     Flux                                 0.00306855 +/- 0.000137431
 Mesh Index (9, 2, 8)
   Total Material
     Flux                                 0.00262951 +/- 0.000120256
 Mesh Index (10, 2, 8)
   Total Material
     Flux                                 0.00204002 +/- 9.54841e-05
 Mesh Index (11, 2, 8)
   Total Material
     Flux                                 0.00171132 +/- 9.82076e-05
 Mesh Index (12, 2, 8)
   Total Material
     Flux                                 0.00151134 +/- 0.000100805
 Mesh Index (13, 2, 8)
   Total Material
     Flux                                 0.00130705 +/- 9.94217e-05
 Mesh Index (14, 2, 8)
   Total Material
     Flux                                 0.00112811 +/- 7.46481e-05
 Mesh Index (15, 2, 8)
   Total Material
     Flux                                 0.00086928 +/- 6.74659e-05
 Mesh Index (16, 2, 8)
   Total Material
     Flux                                 0.000710505 +/- 7.79054e-05
 Mesh Index (17, 2, 8)
   Total Material
     Flux                                 0.000697888 +/- 6.27302e-05
 Mesh Index (18, 2, 8)
   Total Material
     Flux                                 0.000574832 +/- 6.3726e-05
 Mesh Index (19, 2, 8)
   Total Material
     Flux                                 0.0004967 +/- 6.33601e-05
 Mesh Index (20, 2, 8)
   Total Material
     Flux                                 0.000493624 +/- 6.80145e-05
 Mesh Index (1, 3, 8)
   Total Material
     Flux                                 0.00234452 +/- 0.000130144
 Mesh Index (2, 3, 8)
   Total Material
     Flux                                 0.00309177 +/- 0.000189904
 Mesh Index (3, 3, 8)
   Total Material
     Flux                                 0.00414669 +/- 0.000166627
 Mesh Index (4, 3, 8)
   Total Material
     Flux                                 0.00547695 +/- 0.000267762
 Mesh Index (5, 3, 8)
   Total Material
     Flux                                 0.0064257 +/- 0.000179658
 Mesh Index (6, 3, 8)
   Total Material
     Flux                                 0.00604501 +/- 0.000290973
 Mesh Index (7, 3, 8)
   Total Material
     Flux                                 0.00499984 +/- 0.000184448
 Mesh Index (8, 3, 8)
   Total Material
     Flux                                 0.00416807 +/- 0.000106231
 Mesh Index (9, 3, 8)
   Total Material
     Flux                                 0.00317293 +/- 0.000149868
 Mesh Index (10, 3, 8)
   Total Material
     Flux                                 0.00250261 +/- 0.000161857
 Mesh Index (11, 3, 8)
   Total Material
     Flux                                 0.00179843 +/- 0.000121097
 Mesh Index (12, 3, 8)
   Total Material
     Flux                                 0.00166068 +/- 7.91944e-05
 Mesh Index (13, 3, 8)
   Total Material
     Flux                                 0.00131774 +/- 7.1046e-05
 Mesh Index (14, 3, 8)
   Total Material
     Flux                                 0.000947825 +/- 0.00011096
 Mesh Index (15, 3, 8)
   Total Material
     Flux                                 0.000805226 +/- 0.000104986
 Mesh Index (16, 3, 8)
   Total Material
     Flux                                 0.000627627 +/- 5.62278e-05
 Mesh Index (17, 3, 8)
   Total Material
     Flux                                 0.000548031 +/- 2.52245e-05
 Mesh Index (18, 3, 8)
   Total Material
     Flux                                 0.000447823 +/- 3.62301e-05
 Mesh Index (19, 3, 8)
   Total Material
     Flux                                 0.000369163 +/- 4.12614e-05
 Mesh Index (20, 3, 8)
   Total Material
     Flux                                 0.000317267 +/- 3.35398e-05
 Mesh Index (1, 4, 8)
   Total Material
     Flux                                 0.00292717 +/- 0.000120987
 Mesh Index (2, 4, 8)
   Total Material
     Flux                                 0.00369487 +/- 0.000110979
 Mesh Index (3, 4, 8)
   Total Material
     Flux                                 0.00513097 +/- 0.000187509
 Mesh Index (4, 4, 8)
   Total Material
     Flux                                 0.00688761 +/- 0.000369076
 Mesh Index (5, 4, 8)
   Total Material
     Flux                                 0.00901682 +/- 0.000235485
 Mesh Index (6, 4, 8)
   Total Material
     Flux                                 0.00906674 +/- 0.000190281
 Mesh Index (7, 4, 8)
   Total Material
     Flux                                 0.00704146 +/- 0.000243105
 Mesh Index (8, 4, 8)
   Total Material
     Flux                                 0.00551251 +/- 0.000246119
 Mesh Index (9, 4, 8)
   Total Material
     Flux                                 0.00402415 +/- 0.000318293
 Mesh Index (10, 4, 8)
   Total Material
     Flux                                 0.00264405 +/- 0.00015029
 Mesh Index (11, 4, 8)
   Total Material
     Flux                                 0.00210455 +/- 0.000142725
 Mesh Index (12, 4, 8)
   Total Material
     Flux                                 0.00146007 +/- 6.08217e-05
 Mesh Index (13, 4, 8)
   Total Material
     Flux                                 0.00114262 +/- 0.000111761
 Mesh Index (14, 4, 8)
   Total Material
     Flux                                 0.000984341 +/- 0.000110442
 Mesh Index (15, 4, 8)
   Total Material
     Flux                                 0.000824291 +/- 7.46948e-05
 Mesh Index (16, 4, 8)
   Total Material
     Flux                                 0.000677394 +/- 5.98682e-05
 Mesh Index (17, 4, 8)
   Total Material
     Flux                                 0.000579808 +/- 7.33454e-05
 Mesh Index (18, 4, 8)
   Total Material
     Flux                                 0.00050362 +/- 5.3307e-05
 Mesh Index (19, 4, 8)
   Total Material
     Flux                                 0.000453552 +/- 6.02424e-05
 Mesh Index (20, 4, 8)
   Total Material
     Flux                                 0.000400765 +/- 8.8761e-05
 Mesh Index (1, 5, 8)
   Total Material
     Flux                                 0.00324839 +/- 0.000143227
 Mesh Index (2, 5, 8)
   Total Material
     Flux                                 0.00437855 +/- 0.000168174
 Mesh Index (3, 5, 8)
   Total Material
     Flux                                 0.00661119 +/- 0.000220396
 Mesh Index (4, 5, 8)
   Total Material
     Flux                                 0.00921219 +/- 0.00028774
 Mesh Index (5, 5, 8)
   Total Material
     Flux                                 0.0117632 +/- 0.000340606
 Mesh Index (6, 5, 8)
   Total Material
     Flux                                 0.0116118 +/- 0.000262292
 Mesh Index (7, 5, 8)
   Total Material
     Flux                                 0.00916921 +/- 0.00037146
 Mesh Index (8, 5, 8)
   Total Material
     Flux                                 0.00656149 +/- 0.000197333
 Mesh Index (9, 5, 8)
   Total Material
     Flux                                 0.00432263 +/- 0.000147674
 Mesh Index (10, 5, 8)
   Total Material
     Flux                                 0.00304398 +/- 0.000230288
 Mesh Index (11, 5, 8)
   Total Material
     Flux                                 0.00223994 +/- 0.000205178
 Mesh Index (12, 5, 8)
   Total Material
     Flux                                 0.00181976 +/- 0.000104061
 Mesh Index (13, 5, 8)
   Total Material
     Flux                                 0.00126067 +/- 6.6178e-05
 Mesh Index (14, 5, 8)
   Total Material
     Flux                                 0.000971273 +/- 9.27932e-05
 Mesh Index (15, 5, 8)
   Total Material
     Flux                                 0.0008379 +/- 7.02119e-05
 Mesh Index (16, 5, 8)
   Total Material
     Flux                                 0.000808734 +/- 7.89261e-05
 Mesh Index (17, 5, 8)
   Total Material
     Flux                                 0.00068299 +/- 8.60788e-05
 Mesh Index (18, 5, 8)
   Total Material
     Flux                                 0.000619629 +/- 6.75309e-05
 Mesh Index (19, 5, 8)
   Total Material
     Flux                                 0.000504632 +/- 6.76238e-05
 Mesh Index (20, 5, 8)
   Total Material
     Flux                                 0.00038693 +/- 6.64119e-05
 Mesh Index (1, 6, 8)
   Total Material
     Flux                                 0.00288548 +/- 0.00014265
 Mesh Index (2, 6, 8)
   Total Material
     Flux                                 0.00421367 +/- 0.000244626
 Mesh Index (3, 6, 8)
   Total Material
     Flux                                 0.00598832 +/- 0.000268393
 Mesh Index (4, 6, 8)
   Total Material
     Flux                                 0.00955527 +/- 0.000350977
 Mesh Index (5, 6, 8)
   Total Material
     Flux                                 0.0116584 +/- 0.000242875
 Mesh Index (6, 6, 8)
   Total Material
     Flux                                 0.0119546 +/- 0.000330342
 Mesh Index (7, 6, 8)
   Total Material
     Flux                                 0.00886522 +/- 0.000238881
 Mesh Index (8, 6, 8)
   Total Material
     Flux                                 0.00624067 +/- 0.000262925
 Mesh Index (9, 6, 8)
   Total Material
     Flux                                 0.00434106 +/- 0.000173409
 Mesh Index (10, 6, 8)
   Total Material
     Flux                                 0.00317551 +/- 0.000132769
 Mesh Index (11, 6, 8)
   Total Material
     Flux                                 0.00235951 +/- 0.000123146
 Mesh Index (12, 6, 8)
   Total Material
     Flux                                 0.00161954 +/- 0.000108827
 Mesh Index (13, 6, 8)
   Total Material
     Flux                                 0.00124987 +/- 6.57019e-05
 Mesh Index (14, 6, 8)
   Total Material
     Flux                                 0.00100911 +/- 7.06482e-05
 Mesh Index (15, 6, 8)
   Total Material
     Flux                                 0.000848918 +/- 3.25609e-05
 Mesh Index (16, 6, 8)
   Total Material
     Flux                                 0.000735548 +/- 6.63157e-05
 Mesh Index (17, 6, 8)
   Total Material
     Flux                                 0.000564082 +/- 6.78401e-05
 Mesh Index (18, 6, 8)
   Total Material
     Flux                                 0.000448887 +/- 6.60918e-05
 Mesh Index (19, 6, 8)
   Total Material
     Flux                                 0.000381665 +/- 6.1377e-05
 Mesh Index (20, 6, 8)
   Total Material
     Flux                                 0.000323666 +/- 4.48562e-05
 Mesh Index (1, 7, 8)
   Total Material
     Flux                                 0.00264828 +/- 0.000132541
 Mesh Index (2, 7, 8)
   Total Material
     Flux                                 0.0035788 +/- 0.000168212
 Mesh Index (3, 7, 8)
   Total Material
     Flux                                 0.00538313 +/- 0.000226999
 Mesh Index (4, 7, 8)
   Total Material
     Flux                                 0.00755557 +/- 0.000296625
 Mesh Index (5, 7, 8)
   Total Material
     Flux                                 0.00928363 +/- 0.00032038
 Mesh Index (6, 7, 8)
   Total Material
     Flux                                 0.00944637 +/- 0.000302332
 Mesh Index (7, 7, 8)
   Total Material
     Flux                                 0.0074961 +/- 0.000145374
 Mesh Index (8, 7, 8)
   Total Material
     Flux                                 0.0055178 +/- 0.000235877
 Mesh Index (9, 7, 8)
   Total Material
     Flux                                 0.0038947 +/- 0.000161478
 Mesh Index (10, 7, 8)
   Total Material
     Flux                                 0.00287039 +/- 0.000157048
 Mesh Index (11, 7, 8)
   Total Material
     Flux                                 0.00221019 +/- 0.000144224
 Mesh Index (12, 7, 8)
   Total Material
     Flux                                 0.00177094 +/- 7.30619e-05
 Mesh Index (13, 7, 8)
   Total Material
     Flux                                 0.0011794 +/- 0.000122997
 Mesh Index (14, 7, 8)
   Total Material
     Flux                                 0.000914235 +/- 8.81744e-05
 Mesh Index (15, 7, 8)
   Total Material
     Flux                                 0.000755924 +/- 7.58449e-05
 Mesh Index (16, 7, 8)
   Total Material
     Flux                                 0.000684861 +/- 8.18729e-05
 Mesh Index (17, 7, 8)
   Total Material
     Flux                                 0.000608952 +/- 6.08994e-05
 Mesh Index (18, 7, 8)
   Total Material
     Flux                                 0.000546016 +/- 7.15161e-05
 Mesh Index (19, 7, 8)
   Total Material
     Flux                                 0.000536001 +/- 7.03331e-05
 Mesh Index (20, 7, 8)
   Total Material
     Flux                                 0.000456054 +/- 4.73774e-05
 Mesh Index (1, 8, 8)
   Total Material
     Flux                                 0.00262811 +/- 0.000135178
 Mesh Index (2, 8, 8)
   Total Material
     Flux                                 0.00305187 +/- 5.90545e-05
 Mesh Index (3, 8, 8)
   Total Material
     Flux                                 0.00424381 +/- 0.000158915
 Mesh Index (4, 8, 8)
   Total Material
     Flux                                 0.0054626 +/- 0.000252717
 Mesh Index (5, 8, 8)
   Total Material
     Flux                                 0.00626203 +/- 0.000204118
 Mesh Index (6, 8, 8)
   Total Material
     Flux                                 0.00635939 +/- 0.000238491
 Mesh Index (7, 8, 8)
   Total Material
     Flux                                 0.00526069 +/- 0.000171454
 Mesh Index (8, 8, 8)
   Total Material
     Flux                                 0.00434049 +/- 0.000161485
 Mesh Index (9, 8, 8)
   Total Material
     Flux                                 0.00314038 +/- 0.000160908
 Mesh Index (10, 8, 8)
   Total Material
     Flux                                 0.0021612 +/- 0.000217492
 Mesh Index (11, 8, 8)
   Total Material
     Flux                                 0.00194216 +/- 0.000166036
 Mesh Index (12, 8, 8)
   Total Material
     Flux                                 0.00170868 +/- 0.000173843
 Mesh Index (13, 8, 8)
   Total Material
     Flux                                 0.00140257 +/- 0.000104704
 Mesh Index (14, 8, 8)
   Total Material
     Flux                                 0.00104016 +/- 7.57777e-05
 Mesh Index (15, 8, 8)
   Total Material
     Flux                                 0.000761899 +/- 9.25731e-05
 Mesh Index (16, 8, 8)
   Total Material
     Flux                                 0.00064199 +/- 8.7013e-05
 Mesh Index (17, 8, 8)
   Total Material
     Flux                                 0.000603061 +/- 6.98935e-05
 Mesh Index (18, 8, 8)
   Total Material
     Flux                                 0.000551167 +/- 8.56409e-05
 Mesh Index (19, 8, 8)
   Total Material
     Flux                                 0.000498292 +/- 9.14865e-05
 Mesh Index (20, 8, 8)
   Total Material
     Flux                                 0.000362379 +/- 8.95175e-05
 Mesh Index (1, 9, 8)
   Total Material
     Flux                                 0.00207524 +/- 0.00010913
 Mesh Index (2, 9, 8)
   Total Material
     Flux                                 0.00243759 +/- 0.000163493
 Mesh Index (3, 9, 8)
   Total Material
     Flux                                 0.00327667 +/- 0.000185256
 Mesh Index (4, 9, 8)
   Total Material
     Flux                                 0.00351905 +/- 0.000210838
 Mesh Index (5, 9, 8)
   Total Material
     Flux                                 0.00418185 +/- 0.000141174
 Mesh Index (6, 9, 8)
   Total Material
     Flux                                 0.00418279 +/- 0.00015251
 Mesh Index (7, 9, 8)
   Total Material
     Flux                                 0.00416027 +/- 0.000128942
 Mesh Index (8, 9, 8)
   Total Material
     Flux                                 0.00337874 +/- 0.000159436
 Mesh Index (9, 9, 8)
   Total Material
     Flux                                 0.00285581 +/- 0.000179702
 Mesh Index (10, 9, 8)
   Total Material
     Flux                                 0.002009 +/- 0.000174961
 Mesh Index (11, 9, 8)
   Total Material
     Flux                                 0.00152472 +/- 0.000120107
 Mesh Index (12, 9, 8)
   Total Material
     Flux                                 0.00117538 +/- 0.000114499
 Mesh Index (13, 9, 8)
   Total Material
     Flux                                 0.00103608 +/- 9.04259e-05
 Mesh Index (14, 9, 8)
   Total Material
     Flux                                 0.000987853 +/- 0.00010723
 Mesh Index (15, 9, 8)
   Total Material
     Flux                                 0.0007227 +/- 5.85816e-05
 Mesh Index (16, 9, 8)
   Total Material
     Flux                                 0.000666683 +/- 6.57168e-05
 Mesh Index (17, 9, 8)
   Total Material
     Flux                                 0.000606098 +/- 7.81826e-05
 Mesh Index (18, 9, 8)
   Total Material
     Flux                                 0.000482065 +/- 6.86571e-05
 Mesh Index (19, 9, 8)
   Total Material
     Flux                                 0.000385726 +/- 7.82948e-05
 Mesh Index (20, 9, 8)
   Total Material
     Flux                                 0.000380338 +/- 6.45202e-05
 Mesh Index (1, 10, 8)
   Total Material
     Flux                                 0.0017638 +/- 0.000154453
 Mesh Index (2, 10, 8)
   Total Material
     Flux                                 0.00204974 +/- 0.000159251
 Mesh Index (3, 10, 8)
   Total Material
     Flux                                 0.00254207 +/- 0.000114808
 Mesh Index (4, 10, 8)
   Total Material
     Flux                                 0.00271292 +/- 0.000139855
 Mesh Index (5, 10, 8)
   Total Material
     Flux                                 0.00288752 +/- 0.000151502
 Mesh Index (6, 10, 8)
   Total Material
     Flux                                 0.00282387 +/- 0.000125621
 Mesh Index (7, 10, 8)
   Total Material
     Flux                                 0.00277749 +/- 0.000156454
 Mesh Index (8, 10, 8)
   Total Material
     Flux                                 0.00272584 +/- 0.000124256
 Mesh Index (9, 10, 8)
   Total Material
     Flux                                 0.00225277 +/- 0.000138811
 Mesh Index (10, 10, 8)
   Total Material
     Flux                                 0.00182286 +/- 0.000103594
 Mesh Index (11, 10, 8)
   Total Material
     Flux                                 0.0011841 +/- 0.000140376
 Mesh Index (12, 10, 8)
   Total Material
     Flux                                 0.00103933 +/- 0.000105812
 Mesh Index (13, 10, 8)
   Total Material
     Flux                                 0.000882704 +/- 7.75861e-05
 Mesh Index (14, 10, 8)
   Total Material
     Flux                                 0.000626655 +/- 5.54261e-05
 Mesh Index (15, 10, 8)
   Total Material
     Flux                                 0.00062576 +/- 7.19725e-05
 Mesh Index (16, 10, 8)
   Total Material
     Flux                                 0.000562496 +/- 7.03145e-05
 Mesh Index (17, 10, 8)
   Total Material
     Flux                                 0.000427795 +/- 6.52267e-05
 Mesh Index (18, 10, 8)
   Total Material
     Flux                                 0.000460459 +/- 4.54286e-05
 Mesh Index (19, 10, 8)
   Total Material
     Flux                                 0.000473735 +/- 4.81867e-05
 Mesh Index (20, 10, 8)
   Total Material
     Flux                                 0.000401115 +/- 3.47299e-05
 Mesh Index (1, 1, 9)
   Total Material
     Flux                                 0.00168313 +/- 6.73011e-05
 Mesh Index (2, 1, 9)
   Total Material
     Flux                                 0.00169256 +/- 8.99519e-05
 Mesh Index (3, 1, 9)
   Total Material
     Flux                                 0.00205949 +/- 0.000162604
 Mesh Index (4, 1, 9)
   Total Material
     Flux                                 0.00248237 +/- 0.000112538
 Mesh Index (5, 1, 9)
   Total Material
     Flux                                 0.00299931 +/- 0.000127386
 Mesh Index (6, 1, 9)
   Total Material
     Flux                                 0.00228763 +/- 8.53862e-05
 Mesh Index (7, 1, 9)
   Total Material
     Flux                                 0.00225837 +/- 6.76792e-05
 Mesh Index (8, 1, 9)
   Total Material
     Flux                                 0.00181334 +/- 9.16743e-05
 Mesh Index (9, 1, 9)
   Total Material
     Flux                                 0.00175266 +/- 0.000108856
 Mesh Index (10, 1, 9)
   Total Material
     Flux                                 0.00155468 +/- 9.40261e-05
 Mesh Index (11, 1, 9)
   Total Material
     Flux                                 0.00120693 +/- 7.71626e-05
 Mesh Index (12, 1, 9)
   Total Material
     Flux                                 0.00111915 +/- 7.05765e-05
 Mesh Index (13, 1, 9)
   Total Material
     Flux                                 0.000971331 +/- 7.74994e-05
 Mesh Index (14, 1, 9)
   Total Material
     Flux                                 0.000857028 +/- 7.07068e-05
 Mesh Index (15, 1, 9)
   Total Material
     Flux                                 0.000767352 +/- 6.85285e-05
 Mesh Index (16, 1, 9)
   Total Material
     Flux                                 0.00079417 +/- 6.65838e-05
 Mesh Index (17, 1, 9)
   Total Material
     Flux                                 0.000643681 +/- 6.97467e-05
 Mesh Index (18, 1, 9)
   Total Material
     Flux                                 0.000431032 +/- 6.81616e-05
 Mesh Index (19, 1, 9)
   Total Material
     Flux                                 0.000369884 +/- 7.40461e-05
 Mesh Index (20, 1, 9)
   Total Material
     Flux                                 0.000377949 +/- 5.38753e-05
 Mesh Index (1, 2, 9)
   Total Material
     Flux                                 0.00177669 +/- 0.000169591
 Mesh Index (2, 2, 9)
   Total Material
     Flux                                 0.0021863 +/- 0.000143009
 Mesh Index (3, 2, 9)
   Total Material
     Flux                                 0.00248557 +/- 0.000190724
 Mesh Index (4, 2, 9)
   Total Material
     Flux                                 0.00297491 +/- 0.000164469
 Mesh Index (5, 2, 9)
   Total Material
     Flux                                 0.00344908 +/- 0.000177867
 Mesh Index (6, 2, 9)
   Total Material
     Flux                                 0.00321513 +/- 0.000171575
 Mesh Index (7, 2, 9)
   Total Material
     Flux                                 0.00258493 +/- 0.00014799
 Mesh Index (8, 2, 9)
   Total Material
     Flux                                 0.00245364 +/- 0.000159527
 Mesh Index (9, 2, 9)
   Total Material
     Flux                                 0.00215913 +/- 8.81938e-05
 Mesh Index (10, 2, 9)
   Total Material
     Flux                                 0.0016619 +/- 0.000101898
 Mesh Index (11, 2, 9)
   Total Material
     Flux                                 0.00155878 +/- 0.000140592
 Mesh Index (12, 2, 9)
   Total Material
     Flux                                 0.00118145 +/- 8.35824e-05
 Mesh Index (13, 2, 9)
   Total Material
     Flux                                 0.000883283 +/- 8.14262e-05
 Mesh Index (14, 2, 9)
   Total Material
     Flux                                 0.00079639 +/- 6.59298e-05
 Mesh Index (15, 2, 9)
   Total Material
     Flux                                 0.000852498 +/- 6.79186e-05
 Mesh Index (16, 2, 9)
   Total Material
     Flux                                 0.000667767 +/- 6.24234e-05
 Mesh Index (17, 2, 9)
   Total Material
     Flux                                 0.000530979 +/- 8.27475e-05
 Mesh Index (18, 2, 9)
   Total Material
     Flux                                 0.000473565 +/- 7.16436e-05
 Mesh Index (19, 2, 9)
   Total Material
     Flux                                 0.000415305 +/- 8.7912e-05
 Mesh Index (20, 2, 9)
   Total Material
     Flux                                 0.000336172 +/- 4.19545e-05
 Mesh Index (1, 3, 9)
   Total Material
     Flux                                 0.00194934 +/- 0.000170544
 Mesh Index (2, 3, 9)
   Total Material
     Flux                                 0.00250298 +/- 0.000103241
 Mesh Index (3, 3, 9)
   Total Material
     Flux                                 0.00288089 +/- 0.000170832
 Mesh Index (4, 3, 9)
   Total Material
     Flux                                 0.00370756 +/- 0.000172302
 Mesh Index (5, 3, 9)
   Total Material
     Flux                                 0.00398536 +/- 0.000167748
 Mesh Index (6, 3, 9)
   Total Material
     Flux                                 0.0041943 +/- 0.000120072
 Mesh Index (7, 3, 9)
   Total Material
     Flux                                 0.00365677 +/- 0.000114695
 Mesh Index (8, 3, 9)
   Total Material
     Flux                                 0.00305891 +/- 0.000122498
 Mesh Index (9, 3, 9)
   Total Material
     Flux                                 0.00259384 +/- 0.000143269
 Mesh Index (10, 3, 9)
   Total Material
     Flux                                 0.00209036 +/- 0.000124118
 Mesh Index (11, 3, 9)
   Total Material
     Flux                                 0.00171251 +/- 0.000157925
 Mesh Index (12, 3, 9)
   Total Material
     Flux                                 0.00122994 +/- 9.64372e-05
 Mesh Index (13, 3, 9)
   Total Material
     Flux                                 0.00106753 +/- 0.000104263
 Mesh Index (14, 3, 9)
   Total Material
     Flux                                 0.000999356 +/- 0.000109933
 Mesh Index (15, 3, 9)
   Total Material
     Flux                                 0.000730968 +/- 7.09599e-05
 Mesh Index (16, 3, 9)
   Total Material
     Flux                                 0.000577931 +/- 8.00973e-05
 Mesh Index (17, 3, 9)
   Total Material
     Flux                                 0.000547197 +/- 9.70608e-05
 Mesh Index (18, 3, 9)
   Total Material
     Flux                                 0.000521719 +/- 9.46462e-05
 Mesh Index (19, 3, 9)
   Total Material
     Flux                                 0.000441409 +/- 4.66334e-05
 Mesh Index (20, 3, 9)
   Total Material
     Flux                                 0.000371073 +/- 4.42291e-05
 Mesh Index (1, 4, 9)
   Total Material
     Flux                                 0.00207464 +/- 0.000108189
 Mesh Index (2, 4, 9)
   Total Material
     Flux                                 0.00302722 +/- 0.000147262
 Mesh Index (3, 4, 9)
   Total Material
     Flux                                 0.00355813 +/- 0.000143974
 Mesh Index (4, 4, 9)
   Total Material
     Flux                                 0.00467456 +/- 0.000199846
 Mesh Index (5, 4, 9)
   Total Material
     Flux                                 0.00537975 +/- 0.000226279
 Mesh Index (6, 4, 9)
   Total Material
     Flux                                 0.00535725 +/- 0.000241455
 Mesh Index (7, 4, 9)
   Total Material
     Flux                                 0.00460514 +/- 0.000118482
 Mesh Index (8, 4, 9)
   Total Material
     Flux                                 0.00361978 +/- 0.000241503
 Mesh Index (9, 4, 9)
   Total Material
     Flux                                 0.00325291 +/- 0.00019596
 Mesh Index (10, 4, 9)
   Total Material
     Flux                                 0.00238572 +/- 0.000271555
 Mesh Index (11, 4, 9)
   Total Material
     Flux                                 0.00180709 +/- 0.000148144
 Mesh Index (12, 4, 9)
   Total Material
     Flux                                 0.0015092 +/- 0.000146097
 Mesh Index (13, 4, 9)
   Total Material
     Flux                                 0.00112607 +/- 0.000161452
 Mesh Index (14, 4, 9)
   Total Material
     Flux                                 0.000844739 +/- 9.24959e-05
 Mesh Index (15, 4, 9)
   Total Material
     Flux                                 0.000736661 +/- 6.64231e-05
 Mesh Index (16, 4, 9)
   Total Material
     Flux                                 0.000583544 +/- 6.66188e-05
 Mesh Index (17, 4, 9)
   Total Material
     Flux                                 0.00048545 +/- 5.34299e-05
 Mesh Index (18, 4, 9)
   Total Material
     Flux                                 0.00038161 +/- 5.22271e-05
 Mesh Index (19, 4, 9)
   Total Material
     Flux                                 0.000337975 +/- 3.82567e-05
 Mesh Index (20, 4, 9)
   Total Material
     Flux                                 0.000288262 +/- 3.02933e-05
 Mesh Index (1, 5, 9)
   Total Material
     Flux                                 0.00254752 +/- 0.000145344
 Mesh Index (2, 5, 9)
   Total Material
     Flux                                 0.0033588 +/- 0.000143774
 Mesh Index (3, 5, 9)
   Total Material
     Flux                                 0.00429433 +/- 0.000180146
 Mesh Index (4, 5, 9)
   Total Material
     Flux                                 0.00572481 +/- 0.00026708
 Mesh Index (5, 5, 9)
   Total Material
     Flux                                 0.00608023 +/- 0.000280601
 Mesh Index (6, 5, 9)
   Total Material
     Flux                                 0.00608575 +/- 0.000214969
 Mesh Index (7, 5, 9)
   Total Material
     Flux                                 0.00552524 +/- 0.000274845
 Mesh Index (8, 5, 9)
   Total Material
     Flux                                 0.00430443 +/- 0.000202447
 Mesh Index (9, 5, 9)
   Total Material
     Flux                                 0.00331533 +/- 0.000137284
 Mesh Index (10, 5, 9)
   Total Material
     Flux                                 0.00248099 +/- 0.000131925
 Mesh Index (11, 5, 9)
   Total Material
     Flux                                 0.0018683 +/- 0.000108884
 Mesh Index (12, 5, 9)
   Total Material
     Flux                                 0.00138691 +/- 0.000134338
 Mesh Index (13, 5, 9)
   Total Material
     Flux                                 0.00116762 +/- 0.000138467
 Mesh Index (14, 5, 9)
   Total Material
     Flux                                 0.0010643 +/- 0.000106431
 Mesh Index (15, 5, 9)
   Total Material
     Flux                                 0.000815594 +/- 7.46889e-05
 Mesh Index (16, 5, 9)
   Total Material
     Flux                                 0.000605694 +/- 7.04551e-05
 Mesh Index (17, 5, 9)
   Total Material
     Flux                                 0.000526861 +/- 6.05495e-05
 Mesh Index (18, 5, 9)
   Total Material
     Flux                                 0.000452974 +/- 5.05732e-05
 Mesh Index (19, 5, 9)
   Total Material
     Flux                                 0.000479713 +/- 4.39021e-05
 Mesh Index (20, 5, 9)
   Total Material
     Flux                                 0.000517089 +/- 6.5062e-05
 Mesh Index (1, 6, 9)
   Total Material
     Flux                                 0.00241511 +/- 0.000186759
 Mesh Index (2, 6, 9)
   Total Material
     Flux                                 0.00308491 +/- 0.000160348
 Mesh Index (3, 6, 9)
   Total Material
     Flux                                 0.00430565 +/- 0.000184394
 Mesh Index (4, 6, 9)
   Total Material
     Flux                                 0.00568472 +/- 0.000281945
 Mesh Index (5, 6, 9)
   Total Material
     Flux                                 0.0060632 +/- 0.000188616
 Mesh Index (6, 6, 9)
   Total Material
     Flux                                 0.00610123 +/- 0.000239762
 Mesh Index (7, 6, 9)
   Total Material
     Flux                                 0.00501037 +/- 0.000142238
 Mesh Index (8, 6, 9)
   Total Material
     Flux                                 0.00415676 +/- 0.000256118
 Mesh Index (9, 6, 9)
   Total Material
     Flux                                 0.00317657 +/- 0.000148947
 Mesh Index (10, 6, 9)
   Total Material
     Flux                                 0.00248603 +/- 0.000113894
 Mesh Index (11, 6, 9)
   Total Material
     Flux                                 0.0018552 +/- 0.000126058
 Mesh Index (12, 6, 9)
   Total Material
     Flux                                 0.00157758 +/- 0.000136891
 Mesh Index (13, 6, 9)
   Total Material
     Flux                                 0.00121257 +/- 7.7811e-05
 Mesh Index (14, 6, 9)
   Total Material
     Flux                                 0.000856914 +/- 7.22828e-05
 Mesh Index (15, 6, 9)
   Total Material
     Flux                                 0.000675627 +/- 5.69993e-05
 Mesh Index (16, 6, 9)
   Total Material
     Flux                                 0.000606524 +/- 4.79965e-05
 Mesh Index (17, 6, 9)
   Total Material
     Flux                                 0.000591956 +/- 4.24567e-05
 Mesh Index (18, 6, 9)
   Total Material
     Flux                                 0.000540841 +/- 4.33873e-05
 Mesh Index (19, 6, 9)
   Total Material
     Flux                                 0.000399996 +/- 2.9317e-05
 Mesh Index (20, 6, 9)
   Total Material
     Flux                                 0.000331055 +/- 3.61972e-05
 Mesh Index (1, 7, 9)
   Total Material
     Flux                                 0.00208934 +/- 0.000132547
 Mesh Index (2, 7, 9)
   Total Material
     Flux                                 0.00290284 +/- 0.000134449
 Mesh Index (3, 7, 9)
   Total Material
     Flux                                 0.0038569 +/- 0.000178794
 Mesh Index (4, 7, 9)
   Total Material
     Flux                                 0.0047169 +/- 0.00024083
 Mesh Index (5, 7, 9)
   Total Material
     Flux                                 0.00545969 +/- 0.000272073
 Mesh Index (6, 7, 9)
   Total Material
     Flux                                 0.00581148 +/- 0.000194758
 Mesh Index (7, 7, 9)
   Total Material
     Flux                                 0.00523259 +/- 0.000196165
 Mesh Index (8, 7, 9)
   Total Material
     Flux                                 0.00387579 +/- 0.000183945
 Mesh Index (9, 7, 9)
   Total Material
     Flux                                 0.003065 +/- 0.000197105
 Mesh Index (10, 7, 9)
   Total Material
     Flux                                 0.00237477 +/- 0.000117184
 Mesh Index (11, 7, 9)
   Total Material
     Flux                                 0.00180023 +/- 0.000102351
 Mesh Index (12, 7, 9)
   Total Material
     Flux                                 0.00140855 +/- 0.000120845
 Mesh Index (13, 7, 9)
   Total Material
     Flux                                 0.0014534 +/- 0.000127295
 Mesh Index (14, 7, 9)
   Total Material
     Flux                                 0.001181 +/- 5.60662e-05
 Mesh Index (15, 7, 9)
   Total Material
     Flux                                 0.000777873 +/- 6.32768e-05
 Mesh Index (16, 7, 9)
   Total Material
     Flux                                 0.000590722 +/- 5.65012e-05
 Mesh Index (17, 7, 9)
   Total Material
     Flux                                 0.000526617 +/- 6.52457e-05
 Mesh Index (18, 7, 9)
   Total Material
     Flux                                 0.000437888 +/- 5.98393e-05
 Mesh Index (19, 7, 9)
   Total Material
     Flux                                 0.000358264 +/- 4.17114e-05
 Mesh Index (20, 7, 9)
   Total Material
     Flux                                 0.000457912 +/- 5.68621e-05
 Mesh Index (1, 8, 9)
   Total Material
     Flux                                 0.00200985 +/- 0.000150305
 Mesh Index (2, 8, 9)
   Total Material
     Flux                                 0.00261714 +/- 0.000107903
 Mesh Index (3, 8, 9)
   Total Material
     Flux                                 0.00345973 +/- 0.000256231
 Mesh Index (4, 8, 9)
   Total Material
     Flux                                 0.00379763 +/- 0.00020497
 Mesh Index (5, 8, 9)
   Total Material
     Flux                                 0.00426131 +/- 0.000191983
 Mesh Index (6, 8, 9)
   Total Material
     Flux                                 0.00427895 +/- 0.000254156
 Mesh Index (7, 8, 9)
   Total Material
     Flux                                 0.00346481 +/- 0.000112293
 Mesh Index (8, 8, 9)
   Total Material
     Flux                                 0.00331822 +/- 0.000108962
 Mesh Index (9, 8, 9)
   Total Material
     Flux                                 0.00267927 +/- 0.000136979
 Mesh Index (10, 8, 9)
   Total Material
     Flux                                 0.00200572 +/- 0.000115276
 Mesh Index (11, 8, 9)
   Total Material
     Flux                                 0.00172147 +/- 0.000110777
 Mesh Index (12, 8, 9)
   Total Material
     Flux                                 0.00131598 +/- 9.06292e-05
 Mesh Index (13, 8, 9)
   Total Material
     Flux                                 0.00108929 +/- 0.000109199
 Mesh Index (14, 8, 9)
   Total Material
     Flux                                 0.000886111 +/- 8.07522e-05
 Mesh Index (15, 8, 9)
   Total Material
     Flux                                 0.000842976 +/- 6.60189e-05
 Mesh Index (16, 8, 9)
   Total Material
     Flux                                 0.000678757 +/- 7.35991e-05
 Mesh Index (17, 8, 9)
   Total Material
     Flux                                 0.000466098 +/- 5.44492e-05
 Mesh Index (18, 8, 9)
   Total Material
     Flux                                 0.000383904 +/- 3.94678e-05
 Mesh Index (19, 8, 9)
   Total Material
     Flux                                 0.000352855 +/- 5.20028e-05
 Mesh Index (20, 8, 9)
   Total Material
     Flux                                 0.000323324 +/- 4.82664e-05
 Mesh Index (1, 9, 9)
   Total Material
     Flux                                 0.00166588 +/- 7.03647e-05
 Mesh Index (2, 9, 9)
   Total Material
     Flux                                 0.00216362 +/- 0.000115308
 Mesh Index (3, 9, 9)
   Total Material
     Flux                                 0.00259422 +/- 0.000135418
 Mesh Index (4, 9, 9)
   Total Material
     Flux                                 0.00309766 +/- 0.000199576
 Mesh Index (5, 9, 9)
   Total Material
     Flux                                 0.00318759 +/- 0.000122802
 Mesh Index (6, 9, 9)
   Total Material
     Flux                                 0.00319375 +/- 0.000168588
 Mesh Index (7, 9, 9)
   Total Material
     Flux                                 0.00306823 +/- 0.00012792
 Mesh Index (8, 9, 9)
   Total Material
     Flux                                 0.00246668 +/- 0.000131802
 Mesh Index (9, 9, 9)
   Total Material
     Flux                                 0.0022145 +/- 0.000124625
 Mesh Index (10, 9, 9)
   Total Material
     Flux                                 0.00181625 +/- 8.94556e-05
 Mesh Index (11, 9, 9)
   Total Material
     Flux                                 0.00128925 +/- 0.000152549
 Mesh Index (12, 9, 9)
   Total Material
     Flux                                 0.00102995 +/- 0.000130947
 Mesh Index (13, 9, 9)
   Total Material
     Flux                                 0.000977843 +/- 0.000127669
 Mesh Index (14, 9, 9)
   Total Material
     Flux                                 0.000989953 +/- 9.462e-05
 Mesh Index (15, 9, 9)
   Total Material
     Flux                                 0.00085891 +/- 0.000106536
 Mesh Index (16, 9, 9)
   Total Material
     Flux                                 0.000710546 +/- 7.43139e-05
 Mesh Index (17, 9, 9)
   Total Material
     Flux                                 0.000618977 +/- 5.09872e-05
 Mesh Index (18, 9, 9)
   Total Material
     Flux                                 0.000483897 +/- 5.95291e-05
 Mesh Index (19, 9, 9)
   Total Material
     Flux                                 0.000354933 +/- 4.66263e-05
 Mesh Index (20, 9, 9)
   Total Material
     Flux                                 0.000296054 +/- 3.65984e-05
 Mesh Index (1, 10, 9)
   Total Material
     Flux                                 0.00142565 +/- 0.000101445
 Mesh Index (2, 10, 9)
   Total Material
     Flux                                 0.00178199 +/- 0.000137901
 Mesh Index (3, 10, 9)
   Total Material
     Flux                                 0.00193814 +/- 0.000104619
 Mesh Index (4, 10, 9)
   Total Material
     Flux                                 0.00210432 +/- 0.000160231
 Mesh Index (5, 10, 9)
   Total Material
     Flux                                 0.00249487 +/- 0.000157582
 Mesh Index (6, 10, 9)
   Total Material
     Flux                                 0.00246307 +/- 0.000168352
 Mesh Index (7, 10, 9)
   Total Material
     Flux                                 0.00242809 +/- 0.000104026
 Mesh Index (8, 10, 9)
   Total Material
     Flux                                 0.00211542 +/- 0.000160464
 Mesh Index (9, 10, 9)
   Total Material
     Flux                                 0.00168581 +/- 0.000114402
 Mesh Index (10, 10, 9)
   Total Material
     Flux                                 0.00163289 +/- 0.000100772
 Mesh Index (11, 10, 9)
   Total Material
     Flux                                 0.00131015 +/- 0.000108861
 Mesh Index (12, 10, 9)
   Total Material
     Flux                                 0.00108055 +/- 0.000100729
 Mesh Index (13, 10, 9)
   Total Material
     Flux                                 0.000847787 +/- 0.000100118
 Mesh Index (14, 10, 9)
   Total Material
     Flux                                 0.00071904 +/- 8.12243e-05
 Mesh Index (15, 10, 9)
   Total Material
     Flux                                 0.00070589 +/- 9.85212e-05
 Mesh Index (16, 10, 9)
   Total Material
     Flux                                 0.000644776 +/- 0.000106505
 Mesh Index (17, 10, 9)
   Total Material
     Flux                                 0.000604332 +/- 0.000101767
 Mesh Index (18, 10, 9)
   Total Material
     Flux                                 0.000429689 +/- 5.69916e-05
 Mesh Index (19, 10, 9)
   Total Material
     Flux                                 0.000344601 +/- 4.23077e-05
 Mesh Index (20, 10, 9)
   Total Material
     Flux                                 0.000324232 +/- 6.16292e-05
 Mesh Index (1, 1, 10)
   Total Material
     Flux                                 0.00139788 +/- 0.00013363
 Mesh Index (2, 1, 10)
   Total Material
     Flux                                 0.0013441 +/- 0.000105984
 Mesh Index (3, 1, 10)
   Total Material
     Flux                                 0.00190871 +/- 0.00011271
 Mesh Index (4, 1, 10)
   Total Material
     Flux                                 0.00175306 +/- 0.000125672
 Mesh Index (5, 1, 10)
   Total Material
     Flux                                 0.00209333 +/- 0.000109216
 Mesh Index (6, 1, 10)
   Total Material
     Flux                                 0.00184667 +/- 0.000132954
 Mesh Index (7, 1, 10)
   Total Material
     Flux                                 0.00175735 +/- 0.000168174
 Mesh Index (8, 1, 10)
   Total Material
     Flux                                 0.00156564 +/- 0.000101399
 Mesh Index (9, 1, 10)
   Total Material
     Flux                                 0.00135762 +/- 8.59637e-05
 Mesh Index (10, 1, 10)
   Total Material
     Flux                                 0.00131558 +/- 6.46889e-05
 Mesh Index (11, 1, 10)
   Total Material
     Flux                                 0.00101395 +/- 9.84482e-05
 Mesh Index (12, 1, 10)
   Total Material
     Flux                                 0.000980193 +/- 9.30732e-05
 Mesh Index (13, 1, 10)
   Total Material
     Flux                                 0.000847391 +/- 8.2271e-05
 Mesh Index (14, 1, 10)
   Total Material
     Flux                                 0.000670118 +/- 5.91152e-05
 Mesh Index (15, 1, 10)
   Total Material
     Flux                                 0.000555425 +/- 7.16771e-05
 Mesh Index (16, 1, 10)
   Total Material
     Flux                                 0.000437646 +/- 6.26761e-05
 Mesh Index (17, 1, 10)
   Total Material
     Flux                                 0.00048552 +/- 3.18826e-05
 Mesh Index (18, 1, 10)
   Total Material
     Flux                                 0.000526869 +/- 6.35956e-05
 Mesh Index (19, 1, 10)
   Total Material
     Flux                                 0.000392238 +/- 5.9147e-05
 Mesh Index (20, 1, 10)
   Total Material
     Flux                                 0.000323376 +/- 6.6038e-05
 Mesh Index (1, 2, 10)
   Total Material
     Flux                                 0.0014126 +/- 5.52631e-05
 Mesh Index (2, 2, 10)
   Total Material
     Flux                                 0.00157861 +/- 0.000105331
 Mesh Index (3, 2, 10)
   Total Material
     Flux                                 0.00189817 +/- 0.000200551
 Mesh Index (4, 2, 10)
   Total Material
     Flux                                 0.00207445 +/- 0.000102288
 Mesh Index (5, 2, 10)
   Total Material
     Flux                                 0.00231076 +/- 0.000140159
 Mesh Index (6, 2, 10)
   Total Material
     Flux                                 0.00242348 +/- 0.000106225
 Mesh Index (7, 2, 10)
   Total Material
     Flux                                 0.00216467 +/- 0.00012806
 Mesh Index (8, 2, 10)
   Total Material
     Flux                                 0.0019698 +/- 0.000102259
 Mesh Index (9, 2, 10)
   Total Material
     Flux                                 0.0016969 +/- 0.000112637
 Mesh Index (10, 2, 10)
   Total Material
     Flux                                 0.00153397 +/- 7.64706e-05
 Mesh Index (11, 2, 10)
   Total Material
     Flux                                 0.00117648 +/- 5.83383e-05
 Mesh Index (12, 2, 10)
   Total Material
     Flux                                 0.00118037 +/- 0.000141373
 Mesh Index (13, 2, 10)
   Total Material
     Flux                                 0.00089943 +/- 7.91425e-05
 Mesh Index (14, 2, 10)
   Total Material
     Flux                                 0.000762761 +/- 7.07416e-05
 Mesh Index (15, 2, 10)
   Total Material
     Flux                                 0.000559462 +/- 4.95681e-05
 Mesh Index (16, 2, 10)
   Total Material
     Flux                                 0.000610508 +/- 0.000102357
 Mesh Index (17, 2, 10)
   Total Material
     Flux                                 0.000570877 +/- 9.01274e-05
 Mesh Index (18, 2, 10)
   Total Material
     Flux                                 0.000408969 +/- 4.11117e-05
 Mesh Index (19, 2, 10)
   Total Material
     Flux                                 0.000349853 +/- 5.62916e-05
 Mesh Index (20, 2, 10)
   Total Material
     Flux                                 0.00032576 +/- 7.17713e-05
 Mesh Index (1, 3, 10)
   Total Material
     Flux                                 0.00171664 +/- 9.4001e-05
 Mesh Index (2, 3, 10)
   Total Material
     Flux                                 0.0018975 +/- 6.3014e-05
 Mesh Index (3, 3, 10)
   Total Material
     Flux                                 0.00222158 +/- 0.000180421
 Mesh Index (4, 3, 10)
   Total Material
     Flux                                 0.00286755 +/- 0.000135546
 Mesh Index (5, 3, 10)
   Total Material
     Flux                                 0.00298177 +/- 0.000204739
 Mesh Index (6, 3, 10)
   Total Material
     Flux                                 0.00308275 +/- 0.000198108
 Mesh Index (7, 3, 10)
   Total Material
     Flux                                 0.00267428 +/- 0.000188548
 Mesh Index (8, 3, 10)
   Total Material
     Flux                                 0.00227031 +/- 0.000181446
 Mesh Index (9, 3, 10)
   Total Material
     Flux                                 0.00190253 +/- 0.00015492
 Mesh Index (10, 3, 10)
   Total Material
     Flux                                 0.00179349 +/- 0.00012077
 Mesh Index (11, 3, 10)
   Total Material
     Flux                                 0.00150433 +/- 0.000156186
 Mesh Index (12, 3, 10)
   Total Material
     Flux                                 0.00122607 +/- 0.000163488
 Mesh Index (13, 3, 10)
   Total Material
     Flux                                 0.000930065 +/- 7.48091e-05
 Mesh Index (14, 3, 10)
   Total Material
     Flux                                 0.000728957 +/- 7.3115e-05
 Mesh Index (15, 3, 10)
   Total Material
     Flux                                 0.000686379 +/- 7.6227e-05
 Mesh Index (16, 3, 10)
   Total Material
     Flux                                 0.00060433 +/- 6.34473e-05
 Mesh Index (17, 3, 10)
   Total Material
     Flux                                 0.000407772 +/- 4.84847e-05
 Mesh Index (18, 3, 10)
   Total Material
     Flux                                 0.00030341 +/- 3.4291e-05
 Mesh Index (19, 3, 10)
   Total Material
     Flux                                 0.000299786 +/- 7.45801e-05
 Mesh Index (20, 3, 10)
   Total Material
     Flux                                 0.000317111 +/- 5.61753e-05
 Mesh Index (1, 4, 10)
   Total Material
     Flux                                 0.00194949 +/- 0.000129807
 Mesh Index (2, 4, 10)
   Total Material
     Flux                                 0.0021473 +/- 0.000125663
 Mesh Index (3, 4, 10)
   Total Material
     Flux                                 0.00266179 +/- 0.000181752
 Mesh Index (4, 4, 10)
   Total Material
     Flux                                 0.00321271 +/- 8.12272e-05
 Mesh Index (5, 4, 10)
   Total Material
     Flux                                 0.00343263 +/- 0.00018818
 Mesh Index (6, 4, 10)
   Total Material
     Flux                                 0.00340676 +/- 0.000206581
 Mesh Index (7, 4, 10)
   Total Material
     Flux                                 0.00318296 +/- 0.000125656
 Mesh Index (8, 4, 10)
   Total Material
     Flux                                 0.0027565 +/- 0.000232021
 Mesh Index (9, 4, 10)
   Total Material
     Flux                                 0.00221247 +/- 8.38373e-05
 Mesh Index (10, 4, 10)
   Total Material
     Flux                                 0.0021588 +/- 0.000154081
 Mesh Index (11, 4, 10)
   Total Material
     Flux                                 0.00150149 +/- 0.000132486
 Mesh Index (12, 4, 10)
   Total Material
     Flux                                 0.00121972 +/- 0.000151714
 Mesh Index (13, 4, 10)
   Total Material
     Flux                                 0.00109686 +/- 9.85121e-05
 Mesh Index (14, 4, 10)
   Total Material
     Flux                                 0.00095345 +/- 0.000123783
 Mesh Index (15, 4, 10)
   Total Material
     Flux                                 0.000665766 +/- 0.000116682
 Mesh Index (16, 4, 10)
   Total Material
     Flux                                 0.000614546 +/- 8.75087e-05
 Mesh Index (17, 4, 10)
   Total Material
     Flux                                 0.000566577 +/- 7.85878e-05
 Mesh Index (18, 4, 10)
   Total Material
     Flux                                 0.000471805 +/- 3.51289e-05
 Mesh Index (19, 4, 10)
   Total Material
     Flux                                 0.000412304 +/- 5.56532e-05
 Mesh Index (20, 4, 10)
   Total Material
     Flux                                 0.000350317 +/- 5.18992e-05
 Mesh Index (1, 5, 10)
   Total Material
     Flux                                 0.00207131 +/- 0.000106633
 Mesh Index (2, 5, 10)
   Total Material
     Flux                                 0.00256313 +/- 0.000141491
 Mesh Index (3, 5, 10)
   Total Material
     Flux                                 0.00299371 +/- 0.00014471
 Mesh Index (4, 5, 10)
   Total Material
     Flux                                 0.00354473 +/- 0.000157532
 Mesh Index (5, 5, 10)
   Total Material
     Flux                                 0.00381971 +/- 0.000275077
 Mesh Index (6, 5, 10)
   Total Material
     Flux                                 0.00368145 +/- 0.000113842
 Mesh Index (7, 5, 10)
   Total Material
     Flux                                 0.00351052 +/- 0.000239494
 Mesh Index (8, 5, 10)
   Total Material
     Flux                                 0.00292374 +/- 0.000179077
 Mesh Index (9, 5, 10)
   Total Material
     Flux                                 0.0025863 +/- 0.000130847
 Mesh Index (10, 5, 10)
   Total Material
     Flux                                 0.0019455 +/- 0.000117614
 Mesh Index (11, 5, 10)
   Total Material
     Flux                                 0.00165768 +/- 0.000106009
 Mesh Index (12, 5, 10)
   Total Material
     Flux                                 0.00122614 +/- 0.000121151
 Mesh Index (13, 5, 10)
   Total Material
     Flux                                 0.0010507 +/- 0.000111202
 Mesh Index (14, 5, 10)
   Total Material
     Flux                                 0.000827396 +/- 9.59137e-05
 Mesh Index (15, 5, 10)
   Total Material
     Flux                                 0.000738259 +/- 0.000106368
 Mesh Index (16, 5, 10)
   Total Material
     Flux                                 0.0007109 +/- 0.000115454
 Mesh Index (17, 5, 10)
   Total Material
     Flux                                 0.000596737 +/- 7.57452e-05
 Mesh Index (18, 5, 10)
   Total Material
     Flux                                 0.000518815 +/- 6.47322e-05
 Mesh Index (19, 5, 10)
   Total Material
     Flux                                 0.00039408 +/- 6.3309e-05
 Mesh Index (20, 5, 10)
   Total Material
     Flux                                 0.000263979 +/- 4.88115e-05
 Mesh Index (1, 6, 10)
   Total Material
     Flux                                 0.00186433 +/- 0.000123722
 Mesh Index (2, 6, 10)
   Total Material
     Flux                                 0.00257499 +/- 0.000132953
 Mesh Index (3, 6, 10)
   Total Material
     Flux                                 0.00322066 +/- 0.00019744
 Mesh Index (4, 6, 10)
   Total Material
     Flux                                 0.00351267 +/- 0.000151818
 Mesh Index (5, 6, 10)
   Total Material
     Flux                                 0.00362344 +/- 0.000171576
 Mesh Index (6, 6, 10)
   Total Material
     Flux                                 0.00365861 +/- 0.000163339
 Mesh Index (7, 6, 10)
   Total Material
     Flux                                 0.00331272 +/- 0.000166922
 Mesh Index (8, 6, 10)
   Total Material
     Flux                                 0.00283356 +/- 0.000149326
 Mesh Index (9, 6, 10)
   Total Material
     Flux                                 0.00242692 +/- 0.000181809
 Mesh Index (10, 6, 10)
   Total Material
     Flux                                 0.00191301 +/- 9.80845e-05
 Mesh Index (11, 6, 10)
   Total Material
     Flux                                 0.00158402 +/- 8.09257e-05
 Mesh Index (12, 6, 10)
   Total Material
     Flux                                 0.00126917 +/- 8.01214e-05
 Mesh Index (13, 6, 10)
   Total Material
     Flux                                 0.00106349 +/- 0.000144792
 Mesh Index (14, 6, 10)
   Total Material
     Flux                                 0.000955376 +/- 9.34755e-05
 Mesh Index (15, 6, 10)
   Total Material
     Flux                                 0.00079627 +/- 6.87073e-05
 Mesh Index (16, 6, 10)
   Total Material
     Flux                                 0.000605665 +/- 5.80841e-05
 Mesh Index (17, 6, 10)
   Total Material
     Flux                                 0.000457506 +/- 6.4146e-05
 Mesh Index (18, 6, 10)
   Total Material
     Flux                                 0.000408952 +/- 4.10653e-05
 Mesh Index (19, 6, 10)
   Total Material
     Flux                                 0.000354535 +/- 3.19062e-05
 Mesh Index (20, 6, 10)
   Total Material
     Flux                                 0.000347207 +/- 3.71334e-05
 Mesh Index (1, 7, 10)
   Total Material
     Flux                                 0.00175311 +/- 9.46103e-05
 Mesh Index (2, 7, 10)
   Total Material
     Flux                                 0.00218515 +/- 0.000174151
 Mesh Index (3, 7, 10)
   Total Material
     Flux                                 0.00282942 +/- 0.000223285
 Mesh Index (4, 7, 10)
   Total Material
     Flux                                 0.00315608 +/- 0.000222092
 Mesh Index (5, 7, 10)
   Total Material
     Flux                                 0.00350486 +/- 9.60582e-05
 Mesh Index (6, 7, 10)
   Total Material
     Flux                                 0.00359991 +/- 0.000164958
 Mesh Index (7, 7, 10)
   Total Material
     Flux                                 0.00362511 +/- 0.000174067
 Mesh Index (8, 7, 10)
   Total Material
     Flux                                 0.00289892 +/- 8.48114e-05
 Mesh Index (9, 7, 10)
   Total Material
     Flux                                 0.00197388 +/- 0.000179303
 Mesh Index (10, 7, 10)
   Total Material
     Flux                                 0.00193713 +/- 0.00016735
 Mesh Index (11, 7, 10)
   Total Material
     Flux                                 0.00146793 +/- 0.000134619
 Mesh Index (12, 7, 10)
   Total Material
     Flux                                 0.00137628 +/- 0.000136463
 Mesh Index (13, 7, 10)
   Total Material
     Flux                                 0.000902416 +/- 7.34567e-05
 Mesh Index (14, 7, 10)
   Total Material
     Flux                                 0.00088721 +/- 8.41629e-05
 Mesh Index (15, 7, 10)
   Total Material
     Flux                                 0.000892691 +/- 0.000102194
 Mesh Index (16, 7, 10)
   Total Material
     Flux                                 0.00074275 +/- 8.66203e-05
 Mesh Index (17, 7, 10)
   Total Material
     Flux                                 0.000513046 +/- 5.53903e-05
 Mesh Index (18, 7, 10)
   Total Material
     Flux                                 0.000428309 +/- 3.12733e-05
 Mesh Index (19, 7, 10)
   Total Material
     Flux                                 0.000412212 +/- 4.59124e-05
 Mesh Index (20, 7, 10)
   Total Material
     Flux                                 0.000364325 +/- 5.1625e-05
 Mesh Index (1, 8, 10)
   Total Material
     Flux                                 0.00171716 +/- 0.000161263
 Mesh Index (2, 8, 10)
   Total Material
     Flux                                 0.0018987 +/- 0.000108992
 Mesh Index (3, 8, 10)
   Total Material
     Flux                                 0.00248379 +/- 0.000130106
 Mesh Index (4, 8, 10)
   Total Material
     Flux                                 0.00294642 +/- 0.000139503
 Mesh Index (5, 8, 10)
   Total Material
     Flux                                 0.0031612 +/- 0.000254447
 Mesh Index (6, 8, 10)
   Total Material
     Flux                                 0.003172 +/- 0.000100209
 Mesh Index (7, 8, 10)
   Total Material
     Flux                                 0.00287474 +/- 0.000127451
 Mesh Index (8, 8, 10)
   Total Material
     Flux                                 0.00235617 +/- 0.000109749
 Mesh Index (9, 8, 10)
   Total Material
     Flux                                 0.00209201 +/- 0.000172638
 Mesh Index (10, 8, 10)
   Total Material
     Flux                                 0.0017713 +/- 0.000175856
 Mesh Index (11, 8, 10)
   Total Material
     Flux                                 0.00147886 +/- 9.80345e-05
 Mesh Index (12, 8, 10)
   Total Material
     Flux                                 0.00129548 +/- 0.000100954
 Mesh Index (13, 8, 10)
   Total Material
     Flux                                 0.00105313 +/- 0.000107053
 Mesh Index (14, 8, 10)
   Total Material
     Flux                                 0.000729987 +/- 9.57131e-05
 Mesh Index (15, 8, 10)
   Total Material
     Flux                                 0.000787067 +/- 0.00010125
 Mesh Index (16, 8, 10)
   Total Material
     Flux                                 0.00068161 +/- 9.44379e-05
 Mesh Index (17, 8, 10)
   Total Material
     Flux                                 0.00058375 +/- 5.66574e-05
 Mesh Index (18, 8, 10)
   Total Material
     Flux                                 0.000436182 +/- 6.03369e-05
 Mesh Index (19, 8, 10)
   Total Material
     Flux                                 0.000317245 +/- 5.33713e-05
 Mesh Index (20, 8, 10)
   Total Material
     Flux                                 0.000269857 +/- 4.57553e-05
 Mesh Index (1, 9, 10)
   Total Material
     Flux                                 0.00160253 +/- 9.05366e-05
 Mesh Index (2, 9, 10)
   Total Material
     Flux                                 0.00188883 +/- 0.000176091
 Mesh Index (3, 9, 10)
   Total Material
     Flux                                 0.00213595 +/- 0.000162972
 Mesh Index (4, 9, 10)
   Total Material
     Flux                                 0.00213158 +/- 0.000151332
 Mesh Index (5, 9, 10)
   Total Material
     Flux                                 0.00236495 +/- 0.000150492
 Mesh Index (6, 9, 10)
   Total Material
     Flux                                 0.0024084 +/- 0.000167095
 Mesh Index (7, 9, 10)
   Total Material
     Flux                                 0.00219291 +/- 0.000163254
 Mesh Index (8, 9, 10)
   Total Material
     Flux                                 0.00189283 +/- 8.83076e-05
 Mesh Index (9, 9, 10)
   Total Material
     Flux                                 0.00195692 +/- 0.000108725
 Mesh Index (10, 9, 10)
   Total Material
     Flux                                 0.00152997 +/- 9.22396e-05
 Mesh Index (11, 9, 10)
   Total Material
     Flux                                 0.00127993 +/- 8.63879e-05
 Mesh Index (12, 9, 10)
   Total Material
     Flux                                 0.000943463 +/- 8.74804e-05
 Mesh Index (13, 9, 10)
   Total Material
     Flux                                 0.000853135 +/- 6.79051e-05
 Mesh Index (14, 9, 10)
   Total Material
     Flux                                 0.000758265 +/- 3.78842e-05
 Mesh Index (15, 9, 10)
   Total Material
     Flux                                 0.000647035 +/- 9.04989e-05
 Mesh Index (16, 9, 10)
   Total Material
     Flux                                 0.000639294 +/- 6.94828e-05
 Mesh Index (17, 9, 10)
   Total Material
     Flux                                 0.000451055 +/- 6.81231e-05
 Mesh Index (18, 9, 10)
   Total Material
     Flux                                 0.000481346 +/- 6.30916e-05
 Mesh Index (19, 9, 10)
   Total Material
     Flux                                 0.000487734 +/- 4.57692e-05
 Mesh Index (20, 9, 10)
   Total Material
     Flux                                 0.000318897 +/- 4.50753e-05
 Mesh Index (1, 10, 10)
   Total Material
     Flux                                 0.00130671 +/- 9.16886e-05
 Mesh Index (2, 10, 10)
   Total Material
     Flux                                 0.00147513 +/- 0.000117443
 Mesh Index (3, 10, 10)
   Total Material
     Flux                                 0.00168666 +/- 0.000117173
 Mesh Index (4, 10, 10)
   Total Material
     Flux                                 0.00197705 +/- 8.75911e-05
 Mesh Index (5, 10, 10)
   Total Material
     Flux                                 0.00194621 +/- 0.000111136
 Mesh Index (6, 10, 10)
   Total Material
     Flux                                 0.00186442 +/- 0.000115681
 Mesh Index (7, 10, 10)
   Total Material
     Flux                                 0.00199793 +/- 0.000153468
 Mesh Index (8, 10, 10)
   Total Material
     Flux                                 0.00168632 +/- 0.000140264
 Mesh Index (9, 10, 10)
   Total Material
     Flux                                 0.0014629 +/- 8.28096e-05
 Mesh Index (10, 10, 10)
   Total Material
     Flux                                 0.00134727 +/- 9.07951e-05
 Mesh Index (11, 10, 10)
   Total Material
     Flux                                 0.00116832 +/- 5.25092e-05
 Mesh Index (12, 10, 10)
   Total Material
     Flux                                 0.000870306 +/- 0.000117876
 Mesh Index (13, 10, 10)
   Total Material
     Flux                                 0.000689042 +/- 9.81154e-05
 Mesh Index (14, 10, 10)
   Total Material
     Flux                                 0.000591472 +/- 9.86169e-05
 Mesh Index (15, 10, 10)
   Total Material
     Flux                                 0.000595984 +/- 9.77833e-05
 Mesh Index (16, 10, 10)
   Total Material
     Flux                                 0.000601894 +/- 7.79678e-05
 Mesh Index (17, 10, 10)
   Total Material
     Flux                                 0.000608795 +/- 6.94159e-05
 Mesh Index (18, 10, 10)
   Total Material
     Flux                                 0.00050549 +/- 6.73601e-05
 Mesh Index (19, 10, 10)
   Total Material
     Flux                                 0.000413668 +/- 6.03819e-05
 Mesh Index (20, 10, 10)
   Total Material
     Flux                                 0.000426806 +/- 4.10988e-05
